day,time,state,count
2022-11-19,00:00:00,AtHome,732
2022-11-19,00:00:00,Transport,120
2022-11-19,00:00:00,AtRecreation,27
2022-11-19,00:00:00,AtRestaurant,1
2022-11-19,00:00:00,AtWork,0
2022-11-19,00:05:00,AtHome,736
2022-11-19,00:05:00,Transport,110
2022-11-19,00:05:00,AtRecreation,26
2022-11-19,00:05:00,AtRestaurant,8
2022-11-19,00:05:00,AtWork,0
2022-11-19,00:10:00,AtHome,749
2022-11-19,00:10:00,Transport,87
2022-11-19,00:10:00,AtRecreation,23
2022-11-19,00:10:00,AtRestaurant,21
2022-11-19,00:10:00,AtWork,0
2022-11-19,00:15:00,AtHome,759
2022-11-19,00:15:00,Transport,71
2022-11-19,00:15:00,AtRecreation,24
2022-11-19,00:15:00,AtRestaurant,26
2022-11-19,00:15:00,AtWork,0
2022-11-19,00:20:00,AtHome,766
2022-11-19,00:20:00,Transport,69
2022-11-19,00:20:00,AtRecreation,20
2022-11-19,00:20:00,AtRestaurant,25
2022-11-19,00:20:00,AtWork,0
2022-11-19,00:25:00,AtHome,771
2022-11-19,00:25:00,Transport,65
2022-11-19,00:25:00,AtRecreation,26
2022-11-19,00:25:00,AtRestaurant,18
2022-11-19,00:25:00,AtWork,0
2022-11-19,00:30:00,AtHome,786
2022-11-19,00:30:00,Transport,59
2022-11-19,00:30:00,AtRecreation,27
2022-11-19,00:30:00,AtRestaurant,8
2022-11-19,00:30:00,AtWork,0
2022-11-19,00:35:00,AtHome,793
2022-11-19,00:35:00,Transport,62
2022-11-19,00:35:00,AtRecreation,21
2022-11-19,00:35:00,AtRestaurant,4
2022-11-19,00:35:00,AtWork,0
2022-11-19,00:40:00,AtHome,805
2022-11-19,00:40:00,Transport,56
2022-11-19,00:40:00,AtRecreation,18
2022-11-19,00:40:00,AtRestaurant,1
2022-11-19,00:40:00,AtWork,0
2022-11-19,00:45:00,AtHome,810
2022-11-19,00:45:00,Transport,58
2022-11-19,00:45:00,AtRecreation,12
2022-11-19,00:45:00,AtRestaurant,0
2022-11-19,00:45:00,AtWork,0
2022-11-19,00:50:00,AtHome,818
2022-11-19,00:50:00,Transport,49
2022-11-19,00:50:00,AtRecreation,13
2022-11-19,00:50:00,AtRestaurant,0
2022-11-19,00:50:00,AtWork,0
2022-11-19,00:55:00,AtHome,826
2022-11-19,00:55:00,Transport,45
2022-11-19,00:55:00,AtRecreation,9
2022-11-19,00:55:00,AtRestaurant,0
2022-11-19,00:55:00,AtWork,0
2022-11-19,01:00:00,AtHome,832
2022-11-19,01:00:00,Transport,41
2022-11-19,01:00:00,AtRecreation,7
2022-11-19,01:00:00,AtRestaurant,0
2022-11-19,01:00:00,AtWork,0
2022-11-19,01:05:00,AtHome,837
2022-11-19,01:05:00,Transport,33
2022-11-19,01:05:00,AtRecreation,8
2022-11-19,01:05:00,AtRestaurant,2
2022-11-19,01:05:00,AtWork,0
2022-11-19,01:10:00,AtHome,842
2022-11-19,01:10:00,Transport,29
2022-11-19,01:10:00,AtRecreation,8
2022-11-19,01:10:00,AtRestaurant,1
2022-11-19,01:10:00,AtWork,0
2022-11-19,01:15:00,AtHome,846
2022-11-19,01:15:00,Transport,28
2022-11-19,01:15:00,AtRecreation,5
2022-11-19,01:15:00,AtRestaurant,1
2022-11-19,01:15:00,AtWork,0
2022-11-19,01:20:00,AtHome,852
2022-11-19,01:20:00,Transport,26
2022-11-19,01:20:00,AtRecreation,2
2022-11-19,01:20:00,AtRestaurant,0
2022-11-19,01:20:00,AtWork,0
2022-11-19,01:25:00,AtHome,857
2022-11-19,01:25:00,Transport,20
2022-11-19,01:25:00,AtRecreation,3
2022-11-19,01:25:00,AtRestaurant,0
2022-11-19,01:25:00,AtWork,0
2022-11-19,01:30:00,AtHome,858
2022-11-19,01:30:00,Transport,21
2022-11-19,01:30:00,AtRecreation,1
2022-11-19,01:30:00,AtRestaurant,0
2022-11-19,01:30:00,AtWork,0
2022-11-19,01:35:00,AtHome,860
2022-11-19,01:35:00,Transport,19
2022-11-19,01:35:00,AtRecreation,1
2022-11-19,01:35:00,AtRestaurant,0
2022-11-19,01:35:00,AtWork,0
2022-11-19,01:40:00,AtHome,861
2022-11-19,01:40:00,Transport,19
2022-11-19,01:40:00,AtRecreation,0
2022-11-19,01:40:00,AtRestaurant,0
2022-11-19,01:40:00,AtWork,0
2022-11-19,01:45:00,AtHome,863
2022-11-19,01:45:00,Transport,17
2022-11-19,01:45:00,AtRecreation,0
2022-11-19,01:45:00,AtRestaurant,0
2022-11-19,01:45:00,AtWork,0
2022-11-19,01:50:00,AtHome,866
2022-11-19,01:50:00,Transport,14
2022-11-19,01:50:00,AtRecreation,0
2022-11-19,01:50:00,AtRestaurant,0
2022-11-19,01:50:00,AtWork,0
2022-11-19,01:55:00,AtHome,866
2022-11-19,01:55:00,Transport,14
2022-11-19,01:55:00,AtRecreation,0
2022-11-19,01:55:00,AtRestaurant,0
2022-11-19,01:55:00,AtWork,0
2022-11-19,02:00:00,AtHome,868
2022-11-19,02:00:00,Transport,12
2022-11-19,02:00:00,AtRecreation,0
2022-11-19,02:00:00,AtRestaurant,0
2022-11-19,02:00:00,AtWork,0
2022-11-19,02:05:00,AtHome,870
2022-11-19,02:05:00,Transport,10
2022-11-19,02:05:00,AtRecreation,0
2022-11-19,02:05:00,AtRestaurant,0
2022-11-19,02:05:00,AtWork,0
2022-11-19,02:10:00,AtHome,870
2022-11-19,02:10:00,Transport,10
2022-11-19,02:10:00,AtRecreation,0
2022-11-19,02:10:00,AtRestaurant,0
2022-11-19,02:10:00,AtWork,0
2022-11-19,02:15:00,AtHome,871
2022-11-19,02:15:00,Transport,9
2022-11-19,02:15:00,AtRecreation,0
2022-11-19,02:15:00,AtRestaurant,0
2022-11-19,02:15:00,AtWork,0
2022-11-19,02:20:00,AtHome,871
2022-11-19,02:20:00,Transport,9
2022-11-19,02:20:00,AtRecreation,0
2022-11-19,02:20:00,AtRestaurant,0
2022-11-19,02:20:00,AtWork,0
2022-11-19,02:25:00,AtHome,873
2022-11-19,02:25:00,Transport,7
2022-11-19,02:25:00,AtRecreation,0
2022-11-19,02:25:00,AtRestaurant,0
2022-11-19,02:25:00,AtWork,0
2022-11-19,02:30:00,AtHome,873
2022-11-19,02:30:00,Transport,7
2022-11-19,02:30:00,AtRecreation,0
2022-11-19,02:30:00,AtRestaurant,0
2022-11-19,02:30:00,AtWork,0
2022-11-19,02:35:00,AtHome,875
2022-11-19,02:35:00,Transport,5
2022-11-19,02:35:00,AtRecreation,0
2022-11-19,02:35:00,AtRestaurant,0
2022-11-19,02:35:00,AtWork,0
2022-11-19,02:40:00,AtHome,875
2022-11-19,02:40:00,Transport,5
2022-11-19,02:40:00,AtRecreation,0
2022-11-19,02:40:00,AtRestaurant,0
2022-11-19,02:40:00,AtWork,0
2022-11-19,02:45:00,AtHome,876
2022-11-19,02:45:00,Transport,4
2022-11-19,02:45:00,AtRecreation,0
2022-11-19,02:45:00,AtRestaurant,0
2022-11-19,02:45:00,AtWork,0
2022-11-19,02:50:00,AtHome,876
2022-11-19,02:50:00,Transport,4
2022-11-19,02:50:00,AtRecreation,0
2022-11-19,02:50:00,AtRestaurant,0
2022-11-19,02:50:00,AtWork,0
2022-11-19,02:55:00,AtHome,878
2022-11-19,02:55:00,Transport,2
2022-11-19,02:55:00,AtRecreation,0
2022-11-19,02:55:00,AtRestaurant,0
2022-11-19,02:55:00,AtWork,0
2022-11-19,03:00:00,AtHome,878
2022-11-19,03:00:00,Transport,2
2022-11-19,03:00:00,AtRecreation,0
2022-11-19,03:00:00,AtRestaurant,0
2022-11-19,03:00:00,AtWork,0
2022-11-19,03:05:00,AtHome,879
2022-11-19,03:05:00,Transport,1
2022-11-19,03:05:00,AtRecreation,0
2022-11-19,03:05:00,AtRestaurant,0
2022-11-19,03:05:00,AtWork,0
2022-11-19,03:10:00,AtHome,879
2022-11-19,03:10:00,Transport,1
2022-11-19,03:10:00,AtRecreation,0
2022-11-19,03:10:00,AtRestaurant,0
2022-11-19,03:10:00,AtWork,0
2022-11-19,03:15:00,AtHome,880
2022-11-19,03:15:00,Transport,0
2022-11-19,03:15:00,AtRecreation,0
2022-11-19,03:15:00,AtRestaurant,0
2022-11-19,03:15:00,AtWork,0
2022-11-19,03:20:00,AtHome,880
2022-11-19,03:20:00,Transport,0
2022-11-19,03:20:00,AtRecreation,0
2022-11-19,03:20:00,AtRestaurant,0
2022-11-19,03:20:00,AtWork,0
2022-11-19,03:25:00,AtHome,880
2022-11-19,03:25:00,Transport,0
2022-11-19,03:25:00,AtRecreation,0
2022-11-19,03:25:00,AtRestaurant,0
2022-11-19,03:25:00,AtWork,0
2022-11-19,03:30:00,AtHome,880
2022-11-19,03:30:00,Transport,0
2022-11-19,03:30:00,AtRecreation,0
2022-11-19,03:30:00,AtRestaurant,0
2022-11-19,03:30:00,AtWork,0
2022-11-19,03:35:00,AtHome,880
2022-11-19,03:35:00,Transport,0
2022-11-19,03:35:00,AtRecreation,0
2022-11-19,03:35:00,AtRestaurant,0
2022-11-19,03:35:00,AtWork,0
2022-11-19,03:40:00,AtHome,880
2022-11-19,03:40:00,Transport,0
2022-11-19,03:40:00,AtRecreation,0
2022-11-19,03:40:00,AtRestaurant,0
2022-11-19,03:40:00,AtWork,0
2022-11-19,03:45:00,AtHome,880
2022-11-19,03:45:00,Transport,0
2022-11-19,03:45:00,AtRecreation,0
2022-11-19,03:45:00,AtRestaurant,0
2022-11-19,03:45:00,AtWork,0
2022-11-19,03:50:00,AtHome,880
2022-11-19,03:50:00,Transport,0
2022-11-19,03:50:00,AtRecreation,0
2022-11-19,03:50:00,AtRestaurant,0
2022-11-19,03:50:00,AtWork,0
2022-11-19,03:55:00,AtHome,880
2022-11-19,03:55:00,Transport,0
2022-11-19,03:55:00,AtRecreation,0
2022-11-19,03:55:00,AtRestaurant,0
2022-11-19,03:55:00,AtWork,0
2022-11-19,04:00:00,AtHome,880
2022-11-19,04:00:00,Transport,0
2022-11-19,04:00:00,AtRecreation,0
2022-11-19,04:00:00,AtRestaurant,0
2022-11-19,04:00:00,AtWork,0
2022-11-19,04:05:00,AtHome,880
2022-11-19,04:05:00,Transport,0
2022-11-19,04:05:00,AtRecreation,0
2022-11-19,04:05:00,AtRestaurant,0
2022-11-19,04:05:00,AtWork,0
2022-11-19,04:10:00,AtHome,880
2022-11-19,04:10:00,Transport,0
2022-11-19,04:10:00,AtRecreation,0
2022-11-19,04:10:00,AtRestaurant,0
2022-11-19,04:10:00,AtWork,0
2022-11-19,04:15:00,AtHome,880
2022-11-19,04:15:00,Transport,0
2022-11-19,04:15:00,AtRecreation,0
2022-11-19,04:15:00,AtRestaurant,0
2022-11-19,04:15:00,AtWork,0
2022-11-19,04:20:00,AtHome,880
2022-11-19,04:20:00,Transport,0
2022-11-19,04:20:00,AtRecreation,0
2022-11-19,04:20:00,AtRestaurant,0
2022-11-19,04:20:00,AtWork,0
2022-11-19,04:25:00,AtHome,880
2022-11-19,04:25:00,Transport,0
2022-11-19,04:25:00,AtRecreation,0
2022-11-19,04:25:00,AtRestaurant,0
2022-11-19,04:25:00,AtWork,0
2022-11-19,04:30:00,AtHome,880
2022-11-19,04:30:00,Transport,0
2022-11-19,04:30:00,AtRecreation,0
2022-11-19,04:30:00,AtRestaurant,0
2022-11-19,04:30:00,AtWork,0
2022-11-19,04:35:00,AtHome,880
2022-11-19,04:35:00,Transport,0
2022-11-19,04:35:00,AtRecreation,0
2022-11-19,04:35:00,AtRestaurant,0
2022-11-19,04:35:00,AtWork,0
2022-11-19,04:40:00,AtHome,880
2022-11-19,04:40:00,Transport,0
2022-11-19,04:40:00,AtRecreation,0
2022-11-19,04:40:00,AtRestaurant,0
2022-11-19,04:40:00,AtWork,0
2022-11-19,04:45:00,AtHome,880
2022-11-19,04:45:00,Transport,0
2022-11-19,04:45:00,AtRecreation,0
2022-11-19,04:45:00,AtRestaurant,0
2022-11-19,04:45:00,AtWork,0
2022-11-19,04:50:00,AtHome,880
2022-11-19,04:50:00,Transport,0
2022-11-19,04:50:00,AtRecreation,0
2022-11-19,04:50:00,AtRestaurant,0
2022-11-19,04:50:00,AtWork,0
2022-11-19,04:55:00,AtHome,880
2022-11-19,04:55:00,Transport,0
2022-11-19,04:55:00,AtRecreation,0
2022-11-19,04:55:00,AtRestaurant,0
2022-11-19,04:55:00,AtWork,0
2022-11-19,05:00:00,AtHome,879
2022-11-19,05:00:00,Transport,1
2022-11-19,05:00:00,AtRecreation,0
2022-11-19,05:00:00,AtRestaurant,0
2022-11-19,05:00:00,AtWork,0
2022-11-19,05:05:00,AtHome,879
2022-11-19,05:05:00,Transport,1
2022-11-19,05:05:00,AtRecreation,0
2022-11-19,05:05:00,AtRestaurant,0
2022-11-19,05:05:00,AtWork,0
2022-11-19,05:10:00,AtHome,878
2022-11-19,05:10:00,Transport,2
2022-11-19,05:10:00,AtRecreation,0
2022-11-19,05:10:00,AtRestaurant,0
2022-11-19,05:10:00,AtWork,0
2022-11-19,05:15:00,AtHome,876
2022-11-19,05:15:00,Transport,4
2022-11-19,05:15:00,AtRecreation,0
2022-11-19,05:15:00,AtRestaurant,0
2022-11-19,05:15:00,AtWork,0
2022-11-19,05:20:00,AtHome,875
2022-11-19,05:20:00,Transport,4
2022-11-19,05:20:00,AtRecreation,0
2022-11-19,05:20:00,AtRestaurant,1
2022-11-19,05:20:00,AtWork,0
2022-11-19,05:25:00,AtHome,873
2022-11-19,05:25:00,Transport,6
2022-11-19,05:25:00,AtRecreation,0
2022-11-19,05:25:00,AtRestaurant,1
2022-11-19,05:25:00,AtWork,0
2022-11-19,05:30:00,AtHome,869
2022-11-19,05:30:00,Transport,10
2022-11-19,05:30:00,AtRecreation,0
2022-11-19,05:30:00,AtRestaurant,1
2022-11-19,05:30:00,AtWork,0
2022-11-19,05:35:00,AtHome,867
2022-11-19,05:35:00,Transport,11
2022-11-19,05:35:00,AtRecreation,0
2022-11-19,05:35:00,AtRestaurant,2
2022-11-19,05:35:00,AtWork,0
2022-11-19,05:40:00,AtHome,862
2022-11-19,05:40:00,Transport,16
2022-11-19,05:40:00,AtRecreation,0
2022-11-19,05:40:00,AtRestaurant,2
2022-11-19,05:40:00,AtWork,0
2022-11-19,05:45:00,AtHome,857
2022-11-19,05:45:00,Transport,16
2022-11-19,05:45:00,AtRecreation,1
2022-11-19,05:45:00,AtRestaurant,6
2022-11-19,05:45:00,AtWork,0
2022-11-19,05:50:00,AtHome,854
2022-11-19,05:50:00,Transport,16
2022-11-19,05:50:00,AtRecreation,1
2022-11-19,05:50:00,AtRestaurant,9
2022-11-19,05:50:00,AtWork,0
2022-11-19,05:55:00,AtHome,846
2022-11-19,05:55:00,Transport,21
2022-11-19,05:55:00,AtRecreation,2
2022-11-19,05:55:00,AtRestaurant,11
2022-11-19,05:55:00,AtWork,0
2022-11-19,06:00:00,AtHome,845
2022-11-19,06:00:00,Transport,23
2022-11-19,06:00:00,AtRecreation,2
2022-11-19,06:00:00,AtRestaurant,10
2022-11-19,06:00:00,AtWork,0
2022-11-19,06:05:00,AtHome,840
2022-11-19,06:05:00,Transport,26
2022-11-19,06:05:00,AtRecreation,3
2022-11-19,06:05:00,AtRestaurant,11
2022-11-19,06:05:00,AtWork,0
2022-11-19,06:10:00,AtHome,834
2022-11-19,06:10:00,Transport,32
2022-11-19,06:10:00,AtRecreation,3
2022-11-19,06:10:00,AtRestaurant,11
2022-11-19,06:10:00,AtWork,0
2022-11-19,06:15:00,AtHome,818
2022-11-19,06:15:00,Transport,45
2022-11-19,06:15:00,AtRecreation,4
2022-11-19,06:15:00,AtRestaurant,13
2022-11-19,06:15:00,AtWork,0
2022-11-19,06:20:00,AtHome,811
2022-11-19,06:20:00,Transport,51
2022-11-19,06:20:00,AtRecreation,4
2022-11-19,06:20:00,AtRestaurant,14
2022-11-19,06:20:00,AtWork,0
2022-11-19,06:25:00,AtHome,793
2022-11-19,06:25:00,Transport,66
2022-11-19,06:25:00,AtRecreation,6
2022-11-19,06:25:00,AtRestaurant,15
2022-11-19,06:25:00,AtWork,0
2022-11-19,06:30:00,AtHome,782
2022-11-19,06:30:00,Transport,68
2022-11-19,06:30:00,AtRecreation,7
2022-11-19,06:30:00,AtRestaurant,23
2022-11-19,06:30:00,AtWork,0
2022-11-19,06:35:00,AtHome,766
2022-11-19,06:35:00,Transport,77
2022-11-19,06:35:00,AtRecreation,9
2022-11-19,06:35:00,AtRestaurant,28
2022-11-19,06:35:00,AtWork,0
2022-11-19,06:40:00,AtHome,750
2022-11-19,06:40:00,Transport,87
2022-11-19,06:40:00,AtRecreation,10
2022-11-19,06:40:00,AtRestaurant,33
2022-11-19,06:40:00,AtWork,0
2022-11-19,06:45:00,AtHome,735
2022-11-19,06:45:00,Transport,96
2022-11-19,06:45:00,AtRecreation,11
2022-11-19,06:45:00,AtRestaurant,38
2022-11-19,06:45:00,AtWork,0
2022-11-19,06:50:00,AtHome,717
2022-11-19,06:50:00,Transport,109
2022-11-19,06:50:00,AtRecreation,16
2022-11-19,06:50:00,AtRestaurant,38
2022-11-19,06:50:00,AtWork,0
2022-11-19,06:55:00,AtHome,694
2022-11-19,06:55:00,Transport,129
2022-11-19,06:55:00,AtRecreation,16
2022-11-19,06:55:00,AtRestaurant,41
2022-11-19,06:55:00,AtWork,0
2022-11-19,07:00:00,AtHome,678
2022-11-19,07:00:00,Transport,127
2022-11-19,07:00:00,AtRecreation,19
2022-11-19,07:00:00,AtRestaurant,56
2022-11-19,07:00:00,AtWork,0
2022-11-19,07:05:00,AtHome,663
2022-11-19,07:05:00,Transport,126
2022-11-19,07:05:00,AtRecreation,24
2022-11-19,07:05:00,AtRestaurant,60
2022-11-19,07:05:00,AtWork,7
2022-11-19,07:10:00,AtHome,643
2022-11-19,07:10:00,Transport,137
2022-11-19,07:10:00,AtRecreation,26
2022-11-19,07:10:00,AtRestaurant,64
2022-11-19,07:10:00,AtWork,10
2022-11-19,07:15:00,AtHome,628
2022-11-19,07:15:00,Transport,143
2022-11-19,07:15:00,AtRecreation,29
2022-11-19,07:15:00,AtRestaurant,66
2022-11-19,07:15:00,AtWork,14
2022-11-19,07:20:00,AtHome,600
2022-11-19,07:20:00,Transport,170
2022-11-19,07:20:00,AtRecreation,32
2022-11-19,07:20:00,AtRestaurant,61
2022-11-19,07:20:00,AtWork,17
2022-11-19,07:25:00,AtHome,589
2022-11-19,07:25:00,Transport,169
2022-11-19,07:25:00,AtRecreation,35
2022-11-19,07:25:00,AtRestaurant,66
2022-11-19,07:25:00,AtWork,21
2022-11-19,07:30:00,AtHome,578
2022-11-19,07:30:00,Transport,172
2022-11-19,07:30:00,AtRecreation,39
2022-11-19,07:30:00,AtRestaurant,65
2022-11-19,07:30:00,AtWork,26
2022-11-19,07:35:00,AtHome,570
2022-11-19,07:35:00,Transport,170
2022-11-19,07:35:00,AtRecreation,45
2022-11-19,07:35:00,AtRestaurant,65
2022-11-19,07:35:00,AtWork,30
2022-11-19,07:40:00,AtHome,555
2022-11-19,07:40:00,Transport,179
2022-11-19,07:40:00,AtRecreation,52
2022-11-19,07:40:00,AtRestaurant,62
2022-11-19,07:40:00,AtWork,32
2022-11-19,07:45:00,AtHome,552
2022-11-19,07:45:00,Transport,169
2022-11-19,07:45:00,AtRecreation,64
2022-11-19,07:45:00,AtRestaurant,60
2022-11-19,07:45:00,AtWork,35
2022-11-19,07:50:00,AtHome,544
2022-11-19,07:50:00,Transport,156
2022-11-19,07:50:00,AtRecreation,73
2022-11-19,07:50:00,AtRestaurant,67
2022-11-19,07:50:00,AtWork,40
2022-11-19,07:55:00,AtHome,538
2022-11-19,07:55:00,Transport,150
2022-11-19,07:55:00,AtRecreation,86
2022-11-19,07:55:00,AtRestaurant,61
2022-11-19,07:55:00,AtWork,45
2022-11-19,08:00:00,AtHome,532
2022-11-19,08:00:00,Transport,144
2022-11-19,08:00:00,AtRecreation,95
2022-11-19,08:00:00,AtRestaurant,60
2022-11-19,08:00:00,AtWork,49
2022-11-19,08:05:00,AtHome,511
2022-11-19,08:05:00,Transport,158
2022-11-19,08:05:00,AtRecreation,101
2022-11-19,08:05:00,AtRestaurant,54
2022-11-19,08:05:00,AtWork,56
2022-11-19,08:10:00,AtHome,507
2022-11-19,08:10:00,Transport,157
2022-11-19,08:10:00,AtRecreation,108
2022-11-19,08:10:00,AtRestaurant,48
2022-11-19,08:10:00,AtWork,60
2022-11-19,08:15:00,AtHome,515
2022-11-19,08:15:00,Transport,133
2022-11-19,08:15:00,AtRecreation,113
2022-11-19,08:15:00,AtRestaurant,51
2022-11-19,08:15:00,AtWork,68
2022-11-19,08:20:00,AtHome,512
2022-11-19,08:20:00,Transport,125
2022-11-19,08:20:00,AtRecreation,119
2022-11-19,08:20:00,AtRestaurant,49
2022-11-19,08:20:00,AtWork,75
2022-11-19,08:25:00,AtHome,516
2022-11-19,08:25:00,Transport,117
2022-11-19,08:25:00,AtRecreation,123
2022-11-19,08:25:00,AtRestaurant,46
2022-11-19,08:25:00,AtWork,78
2022-11-19,08:30:00,AtHome,514
2022-11-19,08:30:00,Transport,122
2022-11-19,08:30:00,AtRecreation,125
2022-11-19,08:30:00,AtRestaurant,39
2022-11-19,08:30:00,AtWork,80
2022-11-19,08:35:00,AtHome,511
2022-11-19,08:35:00,Transport,118
2022-11-19,08:35:00,AtRecreation,128
2022-11-19,08:35:00,AtRestaurant,37
2022-11-19,08:35:00,AtWork,86
2022-11-19,08:40:00,AtHome,517
2022-11-19,08:40:00,Transport,113
2022-11-19,08:40:00,AtRecreation,128
2022-11-19,08:40:00,AtRestaurant,32
2022-11-19,08:40:00,AtWork,90
2022-11-19,08:45:00,AtHome,515
2022-11-19,08:45:00,Transport,114
2022-11-19,08:45:00,AtRecreation,128
2022-11-19,08:45:00,AtRestaurant,29
2022-11-19,08:45:00,AtWork,94
2022-11-19,08:50:00,AtHome,523
2022-11-19,08:50:00,Transport,99
2022-11-19,08:50:00,AtRecreation,134
2022-11-19,08:50:00,AtRestaurant,25
2022-11-19,08:50:00,AtWork,99
2022-11-19,08:55:00,AtHome,532
2022-11-19,08:55:00,Transport,87
2022-11-19,08:55:00,AtRecreation,139
2022-11-19,08:55:00,AtRestaurant,18
2022-11-19,08:55:00,AtWork,104
2022-11-19,09:00:00,AtHome,539
2022-11-19,09:00:00,Transport,74
2022-11-19,09:00:00,AtRecreation,145
2022-11-19,09:00:00,AtRestaurant,16
2022-11-19,09:00:00,AtWork,106
2022-11-19,09:05:00,AtHome,548
2022-11-19,09:05:00,Transport,71
2022-11-19,09:05:00,AtRecreation,145
2022-11-19,09:05:00,AtRestaurant,10
2022-11-19,09:05:00,AtWork,106
2022-11-19,09:10:00,AtHome,552
2022-11-19,09:10:00,Transport,74
2022-11-19,09:10:00,AtRecreation,142
2022-11-19,09:10:00,AtRestaurant,6
2022-11-19,09:10:00,AtWork,106
2022-11-19,09:15:00,AtHome,552
2022-11-19,09:15:00,Transport,78
2022-11-19,09:15:00,AtRecreation,141
2022-11-19,09:15:00,AtRestaurant,3
2022-11-19,09:15:00,AtWork,106
2022-11-19,09:20:00,AtHome,553
2022-11-19,09:20:00,Transport,80
2022-11-19,09:20:00,AtRecreation,141
2022-11-19,09:20:00,AtRestaurant,0
2022-11-19,09:20:00,AtWork,106
2022-11-19,09:25:00,AtHome,554
2022-11-19,09:25:00,Transport,81
2022-11-19,09:25:00,AtRecreation,139
2022-11-19,09:25:00,AtRestaurant,0
2022-11-19,09:25:00,AtWork,106
2022-11-19,09:30:00,AtHome,557
2022-11-19,09:30:00,Transport,79
2022-11-19,09:30:00,AtRecreation,138
2022-11-19,09:30:00,AtRestaurant,0
2022-11-19,09:30:00,AtWork,106
2022-11-19,09:35:00,AtHome,558
2022-11-19,09:35:00,Transport,83
2022-11-19,09:35:00,AtRecreation,133
2022-11-19,09:35:00,AtRestaurant,0
2022-11-19,09:35:00,AtWork,106
2022-11-19,09:40:00,AtHome,559
2022-11-19,09:40:00,Transport,77
2022-11-19,09:40:00,AtRecreation,139
2022-11-19,09:40:00,AtRestaurant,0
2022-11-19,09:40:00,AtWork,105
2022-11-19,09:45:00,AtHome,560
2022-11-19,09:45:00,Transport,78
2022-11-19,09:45:00,AtRecreation,136
2022-11-19,09:45:00,AtRestaurant,1
2022-11-19,09:45:00,AtWork,105
2022-11-19,09:50:00,AtHome,563
2022-11-19,09:50:00,Transport,73
2022-11-19,09:50:00,AtRecreation,136
2022-11-19,09:50:00,AtRestaurant,3
2022-11-19,09:50:00,AtWork,105
2022-11-19,09:55:00,AtHome,562
2022-11-19,09:55:00,Transport,76
2022-11-19,09:55:00,AtRecreation,134
2022-11-19,09:55:00,AtRestaurant,3
2022-11-19,09:55:00,AtWork,105
2022-11-19,10:00:00,AtHome,561
2022-11-19,10:00:00,Transport,77
2022-11-19,10:00:00,AtRecreation,134
2022-11-19,10:00:00,AtRestaurant,3
2022-11-19,10:00:00,AtWork,105
2022-11-19,10:05:00,AtHome,558
2022-11-19,10:05:00,Transport,80
2022-11-19,10:05:00,AtRecreation,135
2022-11-19,10:05:00,AtRestaurant,2
2022-11-19,10:05:00,AtWork,105
2022-11-19,10:10:00,AtHome,560
2022-11-19,10:10:00,Transport,76
2022-11-19,10:10:00,AtRecreation,138
2022-11-19,10:10:00,AtRestaurant,1
2022-11-19,10:10:00,AtWork,105
2022-11-19,10:15:00,AtHome,560
2022-11-19,10:15:00,Transport,80
2022-11-19,10:15:00,AtRecreation,134
2022-11-19,10:15:00,AtRestaurant,2
2022-11-19,10:15:00,AtWork,104
2022-11-19,10:20:00,AtHome,562
2022-11-19,10:20:00,Transport,79
2022-11-19,10:20:00,AtRecreation,132
2022-11-19,10:20:00,AtRestaurant,2
2022-11-19,10:20:00,AtWork,105
2022-11-19,10:25:00,AtHome,560
2022-11-19,10:25:00,Transport,89
2022-11-19,10:25:00,AtRecreation,123
2022-11-19,10:25:00,AtRestaurant,3
2022-11-19,10:25:00,AtWork,105
2022-11-19,10:30:00,AtHome,561
2022-11-19,10:30:00,Transport,83
2022-11-19,10:30:00,AtRecreation,128
2022-11-19,10:30:00,AtRestaurant,3
2022-11-19,10:30:00,AtWork,105
2022-11-19,10:35:00,AtHome,559
2022-11-19,10:35:00,Transport,84
2022-11-19,10:35:00,AtRecreation,129
2022-11-19,10:35:00,AtRestaurant,2
2022-11-19,10:35:00,AtWork,106
2022-11-19,10:40:00,AtHome,559
2022-11-19,10:40:00,Transport,87
2022-11-19,10:40:00,AtRecreation,126
2022-11-19,10:40:00,AtRestaurant,2
2022-11-19,10:40:00,AtWork,106
2022-11-19,10:45:00,AtHome,565
2022-11-19,10:45:00,Transport,81
2022-11-19,10:45:00,AtRecreation,129
2022-11-19,10:45:00,AtRestaurant,2
2022-11-19,10:45:00,AtWork,103
2022-11-19,10:50:00,AtHome,563
2022-11-19,10:50:00,Transport,83
2022-11-19,10:50:00,AtRecreation,129
2022-11-19,10:50:00,AtRestaurant,2
2022-11-19,10:50:00,AtWork,103
2022-11-19,10:55:00,AtHome,564
2022-11-19,10:55:00,Transport,78
2022-11-19,10:55:00,AtRecreation,133
2022-11-19,10:55:00,AtRestaurant,3
2022-11-19,10:55:00,AtWork,102
2022-11-19,11:00:00,AtHome,558
2022-11-19,11:00:00,Transport,94
2022-11-19,11:00:00,AtRecreation,121
2022-11-19,11:00:00,AtRestaurant,5
2022-11-19,11:00:00,AtWork,102
2022-11-19,11:05:00,AtHome,561
2022-11-19,11:05:00,Transport,93
2022-11-19,11:05:00,AtRecreation,118
2022-11-19,11:05:00,AtRestaurant,6
2022-11-19,11:05:00,AtWork,102
2022-11-19,11:10:00,AtHome,555
2022-11-19,11:10:00,Transport,95
2022-11-19,11:10:00,AtRecreation,123
2022-11-19,11:10:00,AtRestaurant,6
2022-11-19,11:10:00,AtWork,101
2022-11-19,11:15:00,AtHome,562
2022-11-19,11:15:00,Transport,97
2022-11-19,11:15:00,AtRecreation,116
2022-11-19,11:15:00,AtRestaurant,5
2022-11-19,11:15:00,AtWork,100
2022-11-19,11:20:00,AtHome,563
2022-11-19,11:20:00,Transport,94
2022-11-19,11:20:00,AtRecreation,119
2022-11-19,11:20:00,AtRestaurant,4
2022-11-19,11:20:00,AtWork,100
2022-11-19,11:25:00,AtHome,560
2022-11-19,11:25:00,Transport,100
2022-11-19,11:25:00,AtRecreation,115
2022-11-19,11:25:00,AtRestaurant,4
2022-11-19,11:25:00,AtWork,101
2022-11-19,11:30:00,AtHome,562
2022-11-19,11:30:00,Transport,103
2022-11-19,11:30:00,AtRecreation,111
2022-11-19,11:30:00,AtRestaurant,4
2022-11-19,11:30:00,AtWork,100
2022-11-19,11:35:00,AtHome,560
2022-11-19,11:35:00,Transport,101
2022-11-19,11:35:00,AtRecreation,111
2022-11-19,11:35:00,AtRestaurant,8
2022-11-19,11:35:00,AtWork,100
2022-11-19,11:40:00,AtHome,560
2022-11-19,11:40:00,Transport,102
2022-11-19,11:40:00,AtRecreation,113
2022-11-19,11:40:00,AtRestaurant,7
2022-11-19,11:40:00,AtWork,98
2022-11-19,11:45:00,AtHome,557
2022-11-19,11:45:00,Transport,98
2022-11-19,11:45:00,AtRecreation,116
2022-11-19,11:45:00,AtRestaurant,9
2022-11-19,11:45:00,AtWork,100
2022-11-19,11:50:00,AtHome,556
2022-11-19,11:50:00,Transport,98
2022-11-19,11:50:00,AtRecreation,117
2022-11-19,11:50:00,AtRestaurant,10
2022-11-19,11:50:00,AtWork,99
2022-11-19,11:55:00,AtHome,553
2022-11-19,11:55:00,Transport,105
2022-11-19,11:55:00,AtRecreation,114
2022-11-19,11:55:00,AtRestaurant,10
2022-11-19,11:55:00,AtWork,98
2022-11-19,12:00:00,AtHome,548
2022-11-19,12:00:00,Transport,100
2022-11-19,12:00:00,AtRecreation,118
2022-11-19,12:00:00,AtRestaurant,13
2022-11-19,12:00:00,AtWork,101
2022-11-19,12:05:00,AtHome,545
2022-11-19,12:05:00,Transport,103
2022-11-19,12:05:00,AtRecreation,119
2022-11-19,12:05:00,AtRestaurant,13
2022-11-19,12:05:00,AtWork,100
2022-11-19,12:10:00,AtHome,543
2022-11-19,12:10:00,Transport,107
2022-11-19,12:10:00,AtRecreation,113
2022-11-19,12:10:00,AtRestaurant,17
2022-11-19,12:10:00,AtWork,100
2022-11-19,12:15:00,AtHome,543
2022-11-19,12:15:00,Transport,106
2022-11-19,12:15:00,AtRecreation,111
2022-11-19,12:15:00,AtRestaurant,19
2022-11-19,12:15:00,AtWork,101
2022-11-19,12:20:00,AtHome,538
2022-11-19,12:20:00,Transport,105
2022-11-19,12:20:00,AtRecreation,114
2022-11-19,12:20:00,AtRestaurant,22
2022-11-19,12:20:00,AtWork,101
2022-11-19,12:25:00,AtHome,536
2022-11-19,12:25:00,Transport,110
2022-11-19,12:25:00,AtRecreation,108
2022-11-19,12:25:00,AtRestaurant,25
2022-11-19,12:25:00,AtWork,101
2022-11-19,12:30:00,AtHome,538
2022-11-19,12:30:00,Transport,108
2022-11-19,12:30:00,AtRecreation,108
2022-11-19,12:30:00,AtRestaurant,27
2022-11-19,12:30:00,AtWork,99
2022-11-19,12:35:00,AtHome,536
2022-11-19,12:35:00,Transport,111
2022-11-19,12:35:00,AtRecreation,110
2022-11-19,12:35:00,AtRestaurant,26
2022-11-19,12:35:00,AtWork,97
2022-11-19,12:40:00,AtHome,529
2022-11-19,12:40:00,Transport,112
2022-11-19,12:40:00,AtRecreation,111
2022-11-19,12:40:00,AtRestaurant,30
2022-11-19,12:40:00,AtWork,98
2022-11-19,12:45:00,AtHome,524
2022-11-19,12:45:00,Transport,128
2022-11-19,12:45:00,AtRecreation,103
2022-11-19,12:45:00,AtRestaurant,31
2022-11-19,12:45:00,AtWork,94
2022-11-19,12:50:00,AtHome,521
2022-11-19,12:50:00,Transport,133
2022-11-19,12:50:00,AtRecreation,105
2022-11-19,12:50:00,AtRestaurant,30
2022-11-19,12:50:00,AtWork,91
2022-11-19,12:55:00,AtHome,514
2022-11-19,12:55:00,Transport,132
2022-11-19,12:55:00,AtRecreation,107
2022-11-19,12:55:00,AtRestaurant,36
2022-11-19,12:55:00,AtWork,91
2022-11-19,13:00:00,AtHome,518
2022-11-19,13:00:00,Transport,123
2022-11-19,13:00:00,AtRecreation,114
2022-11-19,13:00:00,AtRestaurant,38
2022-11-19,13:00:00,AtWork,87
2022-11-19,13:05:00,AtHome,511
2022-11-19,13:05:00,Transport,121
2022-11-19,13:05:00,AtRecreation,120
2022-11-19,13:05:00,AtRestaurant,39
2022-11-19,13:05:00,AtWork,89
2022-11-19,13:10:00,AtHome,514
2022-11-19,13:10:00,Transport,113
2022-11-19,13:10:00,AtRecreation,119
2022-11-19,13:10:00,AtRestaurant,45
2022-11-19,13:10:00,AtWork,89
2022-11-19,13:15:00,AtHome,514
2022-11-19,13:15:00,Transport,120
2022-11-19,13:15:00,AtRecreation,116
2022-11-19,13:15:00,AtRestaurant,40
2022-11-19,13:15:00,AtWork,90
2022-11-19,13:20:00,AtHome,520
2022-11-19,13:20:00,Transport,118
2022-11-19,13:20:00,AtRecreation,113
2022-11-19,13:20:00,AtRestaurant,37
2022-11-19,13:20:00,AtWork,92
2022-11-19,13:25:00,AtHome,515
2022-11-19,13:25:00,Transport,124
2022-11-19,13:25:00,AtRecreation,117
2022-11-19,13:25:00,AtRestaurant,32
2022-11-19,13:25:00,AtWork,92
2022-11-19,13:30:00,AtHome,512
2022-11-19,13:30:00,Transport,127
2022-11-19,13:30:00,AtRecreation,115
2022-11-19,13:30:00,AtRestaurant,28
2022-11-19,13:30:00,AtWork,98
2022-11-19,13:35:00,AtHome,519
2022-11-19,13:35:00,Transport,113
2022-11-19,13:35:00,AtRecreation,117
2022-11-19,13:35:00,AtRestaurant,33
2022-11-19,13:35:00,AtWork,98
2022-11-19,13:40:00,AtHome,523
2022-11-19,13:40:00,Transport,107
2022-11-19,13:40:00,AtRecreation,119
2022-11-19,13:40:00,AtRestaurant,32
2022-11-19,13:40:00,AtWork,99
2022-11-19,13:45:00,AtHome,520
2022-11-19,13:45:00,Transport,108
2022-11-19,13:45:00,AtRecreation,115
2022-11-19,13:45:00,AtRestaurant,37
2022-11-19,13:45:00,AtWork,100
2022-11-19,13:50:00,AtHome,520
2022-11-19,13:50:00,Transport,110
2022-11-19,13:50:00,AtRecreation,116
2022-11-19,13:50:00,AtRestaurant,34
2022-11-19,13:50:00,AtWork,100
2022-11-19,13:55:00,AtHome,519
2022-11-19,13:55:00,Transport,113
2022-11-19,13:55:00,AtRecreation,122
2022-11-19,13:55:00,AtRestaurant,28
2022-11-19,13:55:00,AtWork,98
2022-11-19,14:00:00,AtHome,511
2022-11-19,14:00:00,Transport,122
2022-11-19,14:00:00,AtRecreation,115
2022-11-19,14:00:00,AtRestaurant,32
2022-11-19,14:00:00,AtWork,100
2022-11-19,14:05:00,AtHome,514
2022-11-19,14:05:00,Transport,117
2022-11-19,14:05:00,AtRecreation,116
2022-11-19,14:05:00,AtRestaurant,34
2022-11-19,14:05:00,AtWork,99
2022-11-19,14:10:00,AtHome,522
2022-11-19,14:10:00,Transport,105
2022-11-19,14:10:00,AtRecreation,119
2022-11-19,14:10:00,AtRestaurant,35
2022-11-19,14:10:00,AtWork,99
2022-11-19,14:15:00,AtHome,515
2022-11-19,14:15:00,Transport,113
2022-11-19,14:15:00,AtRecreation,120
2022-11-19,14:15:00,AtRestaurant,35
2022-11-19,14:15:00,AtWork,97
2022-11-19,14:20:00,AtHome,521
2022-11-19,14:20:00,Transport,115
2022-11-19,14:20:00,AtRecreation,117
2022-11-19,14:20:00,AtRestaurant,30
2022-11-19,14:20:00,AtWork,97
2022-11-19,14:25:00,AtHome,521
2022-11-19,14:25:00,Transport,116
2022-11-19,14:25:00,AtRecreation,119
2022-11-19,14:25:00,AtRestaurant,26
2022-11-19,14:25:00,AtWork,98
2022-11-19,14:30:00,AtHome,530
2022-11-19,14:30:00,Transport,110
2022-11-19,14:30:00,AtRecreation,115
2022-11-19,14:30:00,AtRestaurant,27
2022-11-19,14:30:00,AtWork,98
2022-11-19,14:35:00,AtHome,530
2022-11-19,14:35:00,Transport,110
2022-11-19,14:35:00,AtRecreation,113
2022-11-19,14:35:00,AtRestaurant,28
2022-11-19,14:35:00,AtWork,99
2022-11-19,14:40:00,AtHome,535
2022-11-19,14:40:00,Transport,109
2022-11-19,14:40:00,AtRecreation,111
2022-11-19,14:40:00,AtRestaurant,27
2022-11-19,14:40:00,AtWork,98
2022-11-19,14:45:00,AtHome,533
2022-11-19,14:45:00,Transport,116
2022-11-19,14:45:00,AtRecreation,108
2022-11-19,14:45:00,AtRestaurant,27
2022-11-19,14:45:00,AtWork,96
2022-11-19,14:50:00,AtHome,535
2022-11-19,14:50:00,Transport,118
2022-11-19,14:50:00,AtRecreation,106
2022-11-19,14:50:00,AtRestaurant,25
2022-11-19,14:50:00,AtWork,96
2022-11-19,14:55:00,AtHome,537
2022-11-19,14:55:00,Transport,122
2022-11-19,14:55:00,AtRecreation,103
2022-11-19,14:55:00,AtRestaurant,21
2022-11-19,14:55:00,AtWork,97
2022-11-19,15:00:00,AtHome,542
2022-11-19,15:00:00,Transport,122
2022-11-19,15:00:00,AtRecreation,93
2022-11-19,15:00:00,AtRestaurant,24
2022-11-19,15:00:00,AtWork,99
2022-11-19,15:05:00,AtHome,545
2022-11-19,15:05:00,Transport,127
2022-11-19,15:05:00,AtRecreation,92
2022-11-19,15:05:00,AtRestaurant,21
2022-11-19,15:05:00,AtWork,95
2022-11-19,15:10:00,AtHome,542
2022-11-19,15:10:00,Transport,138
2022-11-19,15:10:00,AtRecreation,89
2022-11-19,15:10:00,AtRestaurant,17
2022-11-19,15:10:00,AtWork,94
2022-11-19,15:15:00,AtHome,546
2022-11-19,15:15:00,Transport,123
2022-11-19,15:15:00,AtRecreation,95
2022-11-19,15:15:00,AtRestaurant,23
2022-11-19,15:15:00,AtWork,93
2022-11-19,15:20:00,AtHome,541
2022-11-19,15:20:00,Transport,118
2022-11-19,15:20:00,AtRecreation,103
2022-11-19,15:20:00,AtRestaurant,24
2022-11-19,15:20:00,AtWork,94
2022-11-19,15:25:00,AtHome,545
2022-11-19,15:25:00,Transport,116
2022-11-19,15:25:00,AtRecreation,104
2022-11-19,15:25:00,AtRestaurant,22
2022-11-19,15:25:00,AtWork,93
2022-11-19,15:30:00,AtHome,548
2022-11-19,15:30:00,Transport,110
2022-11-19,15:30:00,AtRecreation,105
2022-11-19,15:30:00,AtRestaurant,25
2022-11-19,15:30:00,AtWork,92
2022-11-19,15:35:00,AtHome,545
2022-11-19,15:35:00,Transport,122
2022-11-19,15:35:00,AtRecreation,106
2022-11-19,15:35:00,AtRestaurant,19
2022-11-19,15:35:00,AtWork,88
2022-11-19,15:40:00,AtHome,548
2022-11-19,15:40:00,Transport,125
2022-11-19,15:40:00,AtRecreation,108
2022-11-19,15:40:00,AtRestaurant,11
2022-11-19,15:40:00,AtWork,88
2022-11-19,15:45:00,AtHome,544
2022-11-19,15:45:00,Transport,127
2022-11-19,15:45:00,AtRecreation,110
2022-11-19,15:45:00,AtRestaurant,11
2022-11-19,15:45:00,AtWork,88
2022-11-19,15:50:00,AtHome,551
2022-11-19,15:50:00,Transport,117
2022-11-19,15:50:00,AtRecreation,116
2022-11-19,15:50:00,AtRestaurant,12
2022-11-19,15:50:00,AtWork,84
2022-11-19,15:55:00,AtHome,551
2022-11-19,15:55:00,Transport,113
2022-11-19,15:55:00,AtRecreation,117
2022-11-19,15:55:00,AtRestaurant,18
2022-11-19,15:55:00,AtWork,81
2022-11-19,16:00:00,AtHome,558
2022-11-19,16:00:00,Transport,107
2022-11-19,16:00:00,AtRecreation,119
2022-11-19,16:00:00,AtRestaurant,18
2022-11-19,16:00:00,AtWork,78
2022-11-19,16:05:00,AtHome,558
2022-11-19,16:05:00,Transport,108
2022-11-19,16:05:00,AtRecreation,120
2022-11-19,16:05:00,AtRestaurant,21
2022-11-19,16:05:00,AtWork,73
2022-11-19,16:10:00,AtHome,555
2022-11-19,16:10:00,Transport,117
2022-11-19,16:10:00,AtRecreation,117
2022-11-19,16:10:00,AtRestaurant,20
2022-11-19,16:10:00,AtWork,71
2022-11-19,16:15:00,AtHome,552
2022-11-19,16:15:00,Transport,121
2022-11-19,16:15:00,AtRecreation,125
2022-11-19,16:15:00,AtRestaurant,17
2022-11-19,16:15:00,AtWork,65
2022-11-19,16:20:00,AtHome,560
2022-11-19,16:20:00,Transport,111
2022-11-19,16:20:00,AtRecreation,128
2022-11-19,16:20:00,AtRestaurant,18
2022-11-19,16:20:00,AtWork,63
2022-11-19,16:25:00,AtHome,563
2022-11-19,16:25:00,Transport,113
2022-11-19,16:25:00,AtRecreation,126
2022-11-19,16:25:00,AtRestaurant,17
2022-11-19,16:25:00,AtWork,61
2022-11-19,16:30:00,AtHome,563
2022-11-19,16:30:00,Transport,119
2022-11-19,16:30:00,AtRecreation,127
2022-11-19,16:30:00,AtRestaurant,16
2022-11-19,16:30:00,AtWork,55
2022-11-19,16:35:00,AtHome,570
2022-11-19,16:35:00,Transport,114
2022-11-19,16:35:00,AtRecreation,132
2022-11-19,16:35:00,AtRestaurant,15
2022-11-19,16:35:00,AtWork,49
2022-11-19,16:40:00,AtHome,578
2022-11-19,16:40:00,Transport,108
2022-11-19,16:40:00,AtRecreation,132
2022-11-19,16:40:00,AtRestaurant,15
2022-11-19,16:40:00,AtWork,47
2022-11-19,16:45:00,AtHome,575
2022-11-19,16:45:00,Transport,122
2022-11-19,16:45:00,AtRecreation,129
2022-11-19,16:45:00,AtRestaurant,11
2022-11-19,16:45:00,AtWork,43
2022-11-19,16:50:00,AtHome,576
2022-11-19,16:50:00,Transport,124
2022-11-19,16:50:00,AtRecreation,127
2022-11-19,16:50:00,AtRestaurant,13
2022-11-19,16:50:00,AtWork,40
2022-11-19,16:55:00,AtHome,575
2022-11-19,16:55:00,Transport,136
2022-11-19,16:55:00,AtRecreation,124
2022-11-19,16:55:00,AtRestaurant,14
2022-11-19,16:55:00,AtWork,31
2022-11-19,17:00:00,AtHome,586
2022-11-19,17:00:00,Transport,128
2022-11-19,17:00:00,AtRecreation,128
2022-11-19,17:00:00,AtRestaurant,12
2022-11-19,17:00:00,AtWork,26
2022-11-19,17:05:00,AtHome,588
2022-11-19,17:05:00,Transport,128
2022-11-19,17:05:00,AtRecreation,126
2022-11-19,17:05:00,AtRestaurant,17
2022-11-19,17:05:00,AtWork,21
2022-11-19,17:10:00,AtHome,584
2022-11-19,17:10:00,Transport,132
2022-11-19,17:10:00,AtRecreation,126
2022-11-19,17:10:00,AtRestaurant,18
2022-11-19,17:10:00,AtWork,20
2022-11-19,17:15:00,AtHome,594
2022-11-19,17:15:00,Transport,129
2022-11-19,17:15:00,AtRecreation,124
2022-11-19,17:15:00,AtRestaurant,17
2022-11-19,17:15:00,AtWork,16
2022-11-19,17:20:00,AtHome,598
2022-11-19,17:20:00,Transport,120
2022-11-19,17:20:00,AtRecreation,130
2022-11-19,17:20:00,AtRestaurant,18
2022-11-19,17:20:00,AtWork,14
2022-11-19,17:25:00,AtHome,605
2022-11-19,17:25:00,Transport,129
2022-11-19,17:25:00,AtRecreation,123
2022-11-19,17:25:00,AtRestaurant,14
2022-11-19,17:25:00,AtWork,9
2022-11-19,17:30:00,AtHome,602
2022-11-19,17:30:00,Transport,143
2022-11-19,17:30:00,AtRecreation,118
2022-11-19,17:30:00,AtRestaurant,11
2022-11-19,17:30:00,AtWork,6
2022-11-19,17:35:00,AtHome,608
2022-11-19,17:35:00,Transport,137
2022-11-19,17:35:00,AtRecreation,117
2022-11-19,17:35:00,AtRestaurant,13
2022-11-19,17:35:00,AtWork,5
2022-11-19,17:40:00,AtHome,611
2022-11-19,17:40:00,Transport,134
2022-11-19,17:40:00,AtRecreation,116
2022-11-19,17:40:00,AtRestaurant,17
2022-11-19,17:40:00,AtWork,2
2022-11-19,17:45:00,AtHome,615
2022-11-19,17:45:00,Transport,124
2022-11-19,17:45:00,AtRecreation,115
2022-11-19,17:45:00,AtRestaurant,25
2022-11-19,17:45:00,AtWork,1
2022-11-19,17:50:00,AtHome,617
2022-11-19,17:50:00,Transport,120
2022-11-19,17:50:00,AtRecreation,116
2022-11-19,17:50:00,AtRestaurant,27
2022-11-19,17:50:00,AtWork,0
2022-11-19,17:55:00,AtHome,619
2022-11-19,17:55:00,Transport,124
2022-11-19,17:55:00,AtRecreation,113
2022-11-19,17:55:00,AtRestaurant,24
2022-11-19,17:55:00,AtWork,0
2022-11-19,18:00:00,AtHome,619
2022-11-19,18:00:00,Transport,128
2022-11-19,18:00:00,AtRecreation,111
2022-11-19,18:00:00,AtRestaurant,22
2022-11-19,18:00:00,AtWork,0
2022-11-19,18:05:00,AtHome,616
2022-11-19,18:05:00,Transport,144
2022-11-19,18:05:00,AtRecreation,104
2022-11-19,18:05:00,AtRestaurant,16
2022-11-19,18:05:00,AtWork,0
2022-11-19,18:10:00,AtHome,620
2022-11-19,18:10:00,Transport,140
2022-11-19,18:10:00,AtRecreation,105
2022-11-19,18:10:00,AtRestaurant,15
2022-11-19,18:10:00,AtWork,0
2022-11-19,18:15:00,AtHome,622
2022-11-19,18:15:00,Transport,140
2022-11-19,18:15:00,AtRecreation,103
2022-11-19,18:15:00,AtRestaurant,15
2022-11-19,18:15:00,AtWork,0
2022-11-19,18:20:00,AtHome,626
2022-11-19,18:20:00,Transport,137
2022-11-19,18:20:00,AtRecreation,100
2022-11-19,18:20:00,AtRestaurant,17
2022-11-19,18:20:00,AtWork,0
2022-11-19,18:25:00,AtHome,626
2022-11-19,18:25:00,Transport,138
2022-11-19,18:25:00,AtRecreation,97
2022-11-19,18:25:00,AtRestaurant,19
2022-11-19,18:25:00,AtWork,0
2022-11-19,18:30:00,AtHome,628
2022-11-19,18:30:00,Transport,129
2022-11-19,18:30:00,AtRecreation,104
2022-11-19,18:30:00,AtRestaurant,19
2022-11-19,18:30:00,AtWork,0
2022-11-19,18:35:00,AtHome,633
2022-11-19,18:35:00,Transport,119
2022-11-19,18:35:00,AtRecreation,103
2022-11-19,18:35:00,AtRestaurant,25
2022-11-19,18:35:00,AtWork,0
2022-11-19,18:40:00,AtHome,633
2022-11-19,18:40:00,Transport,124
2022-11-19,18:40:00,AtRecreation,102
2022-11-19,18:40:00,AtRestaurant,21
2022-11-19,18:40:00,AtWork,0
2022-11-19,18:45:00,AtHome,641
2022-11-19,18:45:00,Transport,102
2022-11-19,18:45:00,AtRecreation,113
2022-11-19,18:45:00,AtRestaurant,24
2022-11-19,18:45:00,AtWork,0
2022-11-19,18:50:00,AtHome,637
2022-11-19,18:50:00,Transport,108
2022-11-19,18:50:00,AtRecreation,110
2022-11-19,18:50:00,AtRestaurant,25
2022-11-19,18:50:00,AtWork,0
2022-11-19,18:55:00,AtHome,643
2022-11-19,18:55:00,Transport,98
2022-11-19,18:55:00,AtRecreation,120
2022-11-19,18:55:00,AtRestaurant,19
2022-11-19,18:55:00,AtWork,0
2022-11-19,19:00:00,AtHome,642
2022-11-19,19:00:00,Transport,91
2022-11-19,19:00:00,AtRecreation,125
2022-11-19,19:00:00,AtRestaurant,22
2022-11-19,19:00:00,AtWork,0
2022-11-19,19:05:00,AtHome,640
2022-11-19,19:05:00,Transport,93
2022-11-19,19:05:00,AtRecreation,128
2022-11-19,19:05:00,AtRestaurant,19
2022-11-19,19:05:00,AtWork,0
2022-11-19,19:10:00,AtHome,647
2022-11-19,19:10:00,Transport,95
2022-11-19,19:10:00,AtRecreation,124
2022-11-19,19:10:00,AtRestaurant,14
2022-11-19,19:10:00,AtWork,0
2022-11-19,19:15:00,AtHome,654
2022-11-19,19:15:00,Transport,95
2022-11-19,19:15:00,AtRecreation,116
2022-11-19,19:15:00,AtRestaurant,15
2022-11-19,19:15:00,AtWork,0
2022-11-19,19:20:00,AtHome,656
2022-11-19,19:20:00,Transport,99
2022-11-19,19:20:00,AtRecreation,114
2022-11-19,19:20:00,AtRestaurant,11
2022-11-19,19:20:00,AtWork,0
2022-11-19,19:25:00,AtHome,656
2022-11-19,19:25:00,Transport,100
2022-11-19,19:25:00,AtRecreation,114
2022-11-19,19:25:00,AtRestaurant,10
2022-11-19,19:25:00,AtWork,0
2022-11-19,19:30:00,AtHome,667
2022-11-19,19:30:00,Transport,87
2022-11-19,19:30:00,AtRecreation,114
2022-11-19,19:30:00,AtRestaurant,12
2022-11-19,19:30:00,AtWork,0
2022-11-19,19:35:00,AtHome,666
2022-11-19,19:35:00,Transport,88
2022-11-19,19:35:00,AtRecreation,117
2022-11-19,19:35:00,AtRestaurant,9
2022-11-19,19:35:00,AtWork,0
2022-11-19,19:40:00,AtHome,670
2022-11-19,19:40:00,Transport,78
2022-11-19,19:40:00,AtRecreation,122
2022-11-19,19:40:00,AtRestaurant,10
2022-11-19,19:40:00,AtWork,0
2022-11-19,19:45:00,AtHome,675
2022-11-19,19:45:00,Transport,75
2022-11-19,19:45:00,AtRecreation,121
2022-11-19,19:45:00,AtRestaurant,9
2022-11-19,19:45:00,AtWork,0
2022-11-19,19:50:00,AtHome,680
2022-11-19,19:50:00,Transport,73
2022-11-19,19:50:00,AtRecreation,120
2022-11-19,19:50:00,AtRestaurant,7
2022-11-19,19:50:00,AtWork,0
2022-11-19,19:55:00,AtHome,677
2022-11-19,19:55:00,Transport,77
2022-11-19,19:55:00,AtRecreation,119
2022-11-19,19:55:00,AtRestaurant,7
2022-11-19,19:55:00,AtWork,0
2022-11-19,20:00:00,AtHome,676
2022-11-19,20:00:00,Transport,81
2022-11-19,20:00:00,AtRecreation,118
2022-11-19,20:00:00,AtRestaurant,5
2022-11-19,20:00:00,AtWork,0
2022-11-19,20:05:00,AtHome,682
2022-11-19,20:05:00,Transport,75
2022-11-19,20:05:00,AtRecreation,120
2022-11-19,20:05:00,AtRestaurant,3
2022-11-19,20:05:00,AtWork,0
2022-11-19,20:10:00,AtHome,678
2022-11-19,20:10:00,Transport,84
2022-11-19,20:10:00,AtRecreation,113
2022-11-19,20:10:00,AtRestaurant,5
2022-11-19,20:10:00,AtWork,0
2022-11-19,20:15:00,AtHome,678
2022-11-19,20:15:00,Transport,82
2022-11-19,20:15:00,AtRecreation,112
2022-11-19,20:15:00,AtRestaurant,8
2022-11-19,20:15:00,AtWork,0
2022-11-19,20:20:00,AtHome,683
2022-11-19,20:20:00,Transport,75
2022-11-19,20:20:00,AtRecreation,110
2022-11-19,20:20:00,AtRestaurant,12
2022-11-19,20:20:00,AtWork,0
2022-11-19,20:25:00,AtHome,686
2022-11-19,20:25:00,Transport,69
2022-11-19,20:25:00,AtRecreation,111
2022-11-19,20:25:00,AtRestaurant,14
2022-11-19,20:25:00,AtWork,0
2022-11-19,20:30:00,AtHome,691
2022-11-19,20:30:00,Transport,71
2022-11-19,20:30:00,AtRecreation,105
2022-11-19,20:30:00,AtRestaurant,13
2022-11-19,20:30:00,AtWork,0
2022-11-19,20:35:00,AtHome,687
2022-11-19,20:35:00,Transport,80
2022-11-19,20:35:00,AtRecreation,103
2022-11-19,20:35:00,AtRestaurant,10
2022-11-19,20:35:00,AtWork,0
2022-11-19,20:40:00,AtHome,688
2022-11-19,20:40:00,Transport,88
2022-11-19,20:40:00,AtRecreation,96
2022-11-19,20:40:00,AtRestaurant,8
2022-11-19,20:40:00,AtWork,0
2022-11-19,20:45:00,AtHome,697
2022-11-19,20:45:00,Transport,77
2022-11-19,20:45:00,AtRecreation,96
2022-11-19,20:45:00,AtRestaurant,10
2022-11-19,20:45:00,AtWork,0
2022-11-19,20:50:00,AtHome,695
2022-11-19,20:50:00,Transport,78
2022-11-19,20:50:00,AtRecreation,97
2022-11-19,20:50:00,AtRestaurant,10
2022-11-19,20:50:00,AtWork,0
2022-11-19,20:55:00,AtHome,694
2022-11-19,20:55:00,Transport,81
2022-11-19,20:55:00,AtRecreation,94
2022-11-19,20:55:00,AtRestaurant,11
2022-11-19,20:55:00,AtWork,0
2022-11-19,21:00:00,AtHome,698
2022-11-19,21:00:00,Transport,78
2022-11-19,21:00:00,AtRecreation,93
2022-11-19,21:00:00,AtRestaurant,11
2022-11-19,21:00:00,AtWork,0
2022-11-19,21:05:00,AtHome,695
2022-11-19,21:05:00,Transport,89
2022-11-19,21:05:00,AtRecreation,90
2022-11-19,21:05:00,AtRestaurant,6
2022-11-19,21:05:00,AtWork,0
2022-11-19,21:10:00,AtHome,696
2022-11-19,21:10:00,Transport,91
2022-11-19,21:10:00,AtRecreation,89
2022-11-19,21:10:00,AtRestaurant,4
2022-11-19,21:10:00,AtWork,0
2022-11-19,21:15:00,AtHome,703
2022-11-19,21:15:00,Transport,85
2022-11-19,21:15:00,AtRecreation,88
2022-11-19,21:15:00,AtRestaurant,4
2022-11-19,21:15:00,AtWork,0
2022-11-19,21:20:00,AtHome,704
2022-11-19,21:20:00,Transport,80
2022-11-19,21:20:00,AtRecreation,92
2022-11-19,21:20:00,AtRestaurant,4
2022-11-19,21:20:00,AtWork,0
2022-11-19,21:25:00,AtHome,705
2022-11-19,21:25:00,Transport,74
2022-11-19,21:25:00,AtRecreation,94
2022-11-19,21:25:00,AtRestaurant,7
2022-11-19,21:25:00,AtWork,0
2022-11-19,21:30:00,AtHome,709
2022-11-19,21:30:00,Transport,78
2022-11-19,21:30:00,AtRecreation,85
2022-11-19,21:30:00,AtRestaurant,8
2022-11-19,21:30:00,AtWork,0
2022-11-19,21:35:00,AtHome,706
2022-11-19,21:35:00,Transport,79
2022-11-19,21:35:00,AtRecreation,88
2022-11-19,21:35:00,AtRestaurant,7
2022-11-19,21:35:00,AtWork,0
2022-11-19,21:40:00,AtHome,708
2022-11-19,21:40:00,Transport,76
2022-11-19,21:40:00,AtRecreation,87
2022-11-19,21:40:00,AtRestaurant,9
2022-11-19,21:40:00,AtWork,0
2022-11-19,21:45:00,AtHome,709
2022-11-19,21:45:00,Transport,74
2022-11-19,21:45:00,AtRecreation,89
2022-11-19,21:45:00,AtRestaurant,8
2022-11-19,21:45:00,AtWork,0
2022-11-19,21:50:00,AtHome,714
2022-11-19,21:50:00,Transport,68
2022-11-19,21:50:00,AtRecreation,89
2022-11-19,21:50:00,AtRestaurant,9
2022-11-19,21:50:00,AtWork,0
2022-11-19,21:55:00,AtHome,715
2022-11-19,21:55:00,Transport,68
2022-11-19,21:55:00,AtRecreation,88
2022-11-19,21:55:00,AtRestaurant,9
2022-11-19,21:55:00,AtWork,0
2022-11-19,22:00:00,AtHome,719
2022-11-19,22:00:00,Transport,68
2022-11-19,22:00:00,AtRecreation,85
2022-11-19,22:00:00,AtRestaurant,8
2022-11-19,22:00:00,AtWork,0
2022-11-19,22:05:00,AtHome,720
2022-11-19,22:05:00,Transport,70
2022-11-19,22:05:00,AtRecreation,85
2022-11-19,22:05:00,AtRestaurant,5
2022-11-19,22:05:00,AtWork,0
2022-11-19,22:10:00,AtHome,722
2022-11-19,22:10:00,Transport,69
2022-11-19,22:10:00,AtRecreation,85
2022-11-19,22:10:00,AtRestaurant,4
2022-11-19,22:10:00,AtWork,0
2022-11-19,22:15:00,AtHome,723
2022-11-19,22:15:00,Transport,73
2022-11-19,22:15:00,AtRecreation,79
2022-11-19,22:15:00,AtRestaurant,5
2022-11-19,22:15:00,AtWork,0
2022-11-19,22:20:00,AtHome,723
2022-11-19,22:20:00,Transport,83
2022-11-19,22:20:00,AtRecreation,68
2022-11-19,22:20:00,AtRestaurant,6
2022-11-19,22:20:00,AtWork,0
2022-11-19,22:25:00,AtHome,727
2022-11-19,22:25:00,Transport,77
2022-11-19,22:25:00,AtRecreation,67
2022-11-19,22:25:00,AtRestaurant,9
2022-11-19,22:25:00,AtWork,0
2022-11-19,22:30:00,AtHome,731
2022-11-19,22:30:00,Transport,70
2022-11-19,22:30:00,AtRecreation,68
2022-11-19,22:30:00,AtRestaurant,11
2022-11-19,22:30:00,AtWork,0
2022-11-19,22:35:00,AtHome,735
2022-11-19,22:35:00,Transport,72
2022-11-19,22:35:00,AtRecreation,64
2022-11-19,22:35:00,AtRestaurant,9
2022-11-19,22:35:00,AtWork,0
2022-11-19,22:40:00,AtHome,745
2022-11-19,22:40:00,Transport,71
2022-11-19,22:40:00,AtRecreation,59
2022-11-19,22:40:00,AtRestaurant,5
2022-11-19,22:40:00,AtWork,0
2022-11-19,22:45:00,AtHome,748
2022-11-19,22:45:00,Transport,73
2022-11-19,22:45:00,AtRecreation,56
2022-11-19,22:45:00,AtRestaurant,3
2022-11-19,22:45:00,AtWork,0
2022-11-19,22:50:00,AtHome,750
2022-11-19,22:50:00,Transport,76
2022-11-19,22:50:00,AtRecreation,51
2022-11-19,22:50:00,AtRestaurant,3
2022-11-19,22:50:00,AtWork,0
2022-11-19,22:55:00,AtHome,760
2022-11-19,22:55:00,Transport,67
2022-11-19,22:55:00,AtRecreation,51
2022-11-19,22:55:00,AtRestaurant,2
2022-11-19,22:55:00,AtWork,0
2022-11-19,23:00:00,AtHome,762
2022-11-19,23:00:00,Transport,67
2022-11-19,23:00:00,AtRecreation,50
2022-11-19,23:00:00,AtRestaurant,1
2022-11-19,23:00:00,AtWork,0
2022-11-19,23:05:00,AtHome,767
2022-11-19,23:05:00,Transport,65
2022-11-19,23:05:00,AtRecreation,45
2022-11-19,23:05:00,AtRestaurant,3
2022-11-19,23:05:00,AtWork,0
2022-11-19,23:10:00,AtHome,769
2022-11-19,23:10:00,Transport,62
2022-11-19,23:10:00,AtRecreation,46
2022-11-19,23:10:00,AtRestaurant,3
2022-11-19,23:10:00,AtWork,0
2022-11-19,23:15:00,AtHome,775
2022-11-19,23:15:00,Transport,57
2022-11-19,23:15:00,AtRecreation,44
2022-11-19,23:15:00,AtRestaurant,4
2022-11-19,23:15:00,AtWork,0
2022-11-19,23:20:00,AtHome,776
2022-11-19,23:20:00,Transport,58
2022-11-19,23:20:00,AtRecreation,42
2022-11-19,23:20:00,AtRestaurant,4
2022-11-19,23:20:00,AtWork,0
2022-11-19,23:25:00,AtHome,779
2022-11-19,23:25:00,Transport,59
2022-11-19,23:25:00,AtRecreation,38
2022-11-19,23:25:00,AtRestaurant,4
2022-11-19,23:25:00,AtWork,0
2022-11-19,23:30:00,AtHome,780
2022-11-19,23:30:00,Transport,56
2022-11-19,23:30:00,AtRecreation,39
2022-11-19,23:30:00,AtRestaurant,5
2022-11-19,23:30:00,AtWork,0
2022-11-19,23:35:00,AtHome,783
2022-11-19,23:35:00,Transport,58
2022-11-19,23:35:00,AtRecreation,35
2022-11-19,23:35:00,AtRestaurant,4
2022-11-19,23:35:00,AtWork,0
2022-11-19,23:40:00,AtHome,787
2022-11-19,23:40:00,Transport,57
2022-11-19,23:40:00,AtRecreation,34
2022-11-19,23:40:00,AtRestaurant,2
2022-11-19,23:40:00,AtWork,0
2022-11-19,23:45:00,AtHome,795
2022-11-19,23:45:00,Transport,51
2022-11-19,23:45:00,AtRecreation,32
2022-11-19,23:45:00,AtRestaurant,2
2022-11-19,23:45:00,AtWork,0
2022-11-19,23:50:00,AtHome,797
2022-11-19,23:50:00,Transport,55
2022-11-19,23:50:00,AtRecreation,26
2022-11-19,23:50:00,AtRestaurant,2
2022-11-19,23:50:00,AtWork,0
2022-11-19,23:55:00,AtHome,805
2022-11-19,23:55:00,Transport,47
2022-11-19,23:55:00,AtRecreation,26
2022-11-19,23:55:00,AtRestaurant,2
2022-11-19,23:55:00,AtWork,0
