ParticipantID,Work_Fre,Home_Fre,Transport_Fre,Restaurant_Fre,Recreation_Fre
0,0.238370024,0.547069107,0.156136388,0.014604186,0.043820294
1,0.238370024,0.581498786,0.104464797,0.010241495,0.065424898
2,0.238370024,0.50318693,0.205789075,0.01327372,0.03938025
3,0.238370024,0.572518139,0.117251195,0.014016306,0.057844335
4,0.240860781,0.598926345,0.074490633,0.013397484,0.072324757
5,0.238370024,0.540169248,0.162177633,0.006435743,0.052847352
6,0.237627439,0.557975835,0.105362088,0.006157273,0.092877365
7,0.240853045,0.538235431,0.14362846,0.023708597,0.053574467
8,0.238370024,0.614211235,0.061611411,0.021720633,0.064086697
9,0.240860781,0.528241464,0.169943842,0.014093659,0.046860255
10,0.238370024,0.557650954,0.150126085,0.021132753,0.032720184
11,0.238370024,0.530213958,0.163863921,0.01515339,0.052398707
12,0.238315877,0.591129194,0.101888952,0.014727951,0.053938025
13,0.238315877,0.585482449,0.088669379,0.02005755,0.067474744
14,0.238370024,0.632860966,0.046666873,0.019183465,0.062918671
15,0.240102724,0.595515092,0.091075048,0.013923483,0.059383654
16,0.240048577,0.585095685,0.114984762,0.012546605,0.047324371
17,0.238370024,0.61018116,0.087694735,0.013892542,0.049861539
18,0.238370024,0.56072959,0.141447114,0.014727951,0.044725321
19,0.238370024,0.589984375,0.091778957,0.016205387,0.063661257
20,0.238370024,0.506559507,0.185367967,0.014766627,0.054935875
21,0.238292672,0.544315351,0.094463095,0.015354507,0.107574375
22,0.240775693,0.621126564,0.049606275,0.01974814,0.068743328
23,0.237627439,0.476399697,0.192453472,0.015594301,0.077925092
24,0.238370024,0.486370457,0.215589659,0.009096675,0.050573183
25,0.238370024,0.606599731,0.108108108,0.015246214,0.031675923
26,0.238370024,0.493425022,0.185522672,0.016630827,0.066051455
27,0.238370024,0.598887668,0.099173873,0.014263835,0.049304599
28,0.238370024,0.554727022,0.121397299,0.014109129,0.071396525
29,0.238370024,0.594818917,0.098872198,0.013675954,0.054262906
30,0.244581445,0.524791535,0.133309612,0.018874054,0.078443355
31,0.238370024,0.568843887,0.142452699,0.014542304,0.035791086
32,0.238370024,0.6264639,0.090587726,0.01441854,0.030159811
33,0.238370024,0.64061944,0.080686582,0.014387599,0.025936354
34,0.238277201,0.578683148,0.086511239,0.008385031,0.088143381
35,0.240853045,0.570607528,0.099924194,0.020575813,0.068039419
36,0.238370024,0.58696762,0.121327681,0.008415972,0.044918702
37,0.240860781,0.57339996,0.110057396,0.013954424,0.06172744
38,0.238370024,0.614164823,0.083262427,0.014325717,0.049877009
39,0.238308142,0.608471666,0.061812528,0.008415972,0.082991692
40,0.23837776,0.547533223,0.112347035,0.019554758,0.082187224
41,0.238370024,0.600983926,0.08234193,0.019956992,0.058347128
42,0.238370024,0.578714089,0.126912545,0.014078188,0.041925154
43,0.238370024,0.571079379,0.11480685,0.01469701,0.061046736
44,0.153908139,0.769540693,0.052377115,0.024174053,0
45,0.238370024,0.598903139,0.107380993,0.014263835,0.041082009
46,0.238370024,0.587478148,0.104518944,0.014449481,0.055183403
47,0.240853045,0.543704265,0.156322035,0.020753725,0.03836693
48,0.240853045,0.540076424,0.142940021,0.022463219,0.053667291
49,0.238370024,0.638345271,0.073809929,0.014047247,0.035427528
50,0.240133665,0.525588267,0.139675738,0.013103544,0.081498786
51,0.238370024,0.615069849,0.078853324,0.021504046,0.046202757
52,0.240853045,0.600411516,0.069725707,0.020699578,0.068310153
53,0.238370024,0.628188864,0.076029951,0.009591733,0.047819428
54,0.238370024,0.632079704,0.038707282,0.007580563,0.083262427
55,0.240853045,0.547363047,0.135622457,0.020978047,0.055183403
56,0.238370024,0.62316094,0.062230233,0.018874054,0.057364749
57,0.238370024,0.565216046,0.136496542,0.013675954,0.046241433
58,0.238370024,0.62445273,0.08855335,0.009653615,0.038970281
59,0.23837776,0.585111156,0.117282136,0.00894197,0.050286978
60,0.238370024,0.54774981,0.136891041,0.018874054,0.05811507
61,0.24084531,0.558641068,0.145562277,0.016097093,0.038854252
62,0.238370024,0.531884775,0.177184053,0.013954424,0.038606723
63,0.238370024,0.512237194,0.177168582,0.016514798,0.055709401
64,0.240853045,0.589118025,0.100218135,0.023143922,0.046666873
65,0.238370024,0.605176441,0.091160136,0.008508795,0.056784604
66,0.238370024,0.542397005,0.121969709,0.005909745,0.091353517
67,0.243336066,0.602136481,0.100024753,0.020877489,0.033625211
68,0.238370024,0.551903649,0.149538204,0.020397902,0.03979022
69,0.238370024,0.642236111,0.045026996,0.021047665,0.053319204
70,0.238370024,0.637092158,0.055864107,0.007178329,0.061495382
71,0.238370024,0.599050109,0.082604929,0.019987933,0.059987005
72,0.240860781,0.578582589,0.115982611,0.014449481,0.050124538
73,0.238370024,0.509475704,0.185197791,0.020150374,0.046806108
74,0.240853045,0.52883708,0.141849348,0.020753725,0.067706802
75,0.240860781,0.61855072,0.064341961,0.006528566,0.069717972
76,0.238370024,0.570429617,0.136751806,0.014449481,0.039999072
77,0.240040842,0.498685004,0.167074057,0.013428426,0.08077167
78,0.240853045,0.631623323,0.081429168,0.003418989,0.042675475
79,0.240853045,0.677392905,0.053249586,0.013706895,0.014797568
80,0.238370024,0.571937994,0.14233667,0.020606754,0.026748557
81,0.238370024,0.616330698,0.067807361,0.019987933,0.057503984
82,0.238370024,0.590928077,0.084592893,0.021999103,0.064109903
83,0.23824626,0.647302712,0.096559353,0.014263835,0.003627841
84,0.238370024,0.502831108,0.196475812,0.022525101,0.039797955
85,0.238370024,0.457092467,0.223688485,0.020227726,0.060621297
86,0.238370024,0.542636798,0.161357694,0.020637696,0.036997788
87,0.238277201,0.573515989,0.105601881,0.020916165,0.061688764
88,0.240853045,0.600705456,0.083192809,0.023925184,0.051323504
89,0.238370024,0.652887576,0.053040734,0.014201952,0.041499714
90,0.238370024,0.669123904,0.050743359,0.009622674,0.032140039
91,0.240853045,0.57786321,0.098052259,0.019492876,0.06373861
92,0.240853045,0.602600597,0.092506072,0.013559925,0.05048036
93,0.237627439,0.602020452,0.095213416,0.021225576,0.043913117
94,0.238370024,0.580740729,0.1194016,0.020390167,0.04109748
95,0.238370024,0.513343338,0.175219295,0.014031776,0.059035567
96,0.240853045,0.5421108,0.152253284,0.020011139,0.044771732
97,0.238370024,0.595491886,0.084005012,0.022826776,0.059306301
98,0.238370024,0.586928944,0.129550272,0.017713764,0.027436996
99,0.240860781,0.574374604,0.123478086,0.020954842,0.040331688
100,0.238199848,0.552708117,0.144378781,0.014975479,0.049737774
101,0.238370024,0.652183666,0.095832238,0.013614072,0
102,0.238370024,0.57341543,0.118651279,0.014263835,0.055299432
103,0.238370024,0.627152338,0.086766503,0.014325717,0.033385417
104,0.243336066,0.559375919,0.110591129,0.01383066,0.072866226
105,0.238370024,0.578087532,0.107326846,0.021388017,0.054827581
106,0.238370024,0.617885487,0.074289516,0.007889974,0.061564999
107,0.238370024,0.591469546,0.117173842,0.020862018,0.032124569
108,0.238370024,0.673556212,0.049095747,0.01383066,0.025147357
109,0.238284936,0.51198193,0.151974814,0.014727951,0.083030369
110,0.238370024,0.549389687,0.14004703,0.01469701,0.057496248
111,0.238370024,0.571334643,0.109322545,0.008570677,0.07240211
112,0.240853045,0.550225096,0.148486208,0.017334736,0.043100914
113,0.238370024,0.618751837,0.054340259,0.019956992,0.068580888
114,0.238370024,0.623702409,0.092800012,0.020916165,0.024211389
115,0.238370024,0.566623865,0.125620755,0.01383066,0.055554696
116,0.238370024,0.579240087,0.128691657,0.014325717,0.039372515
117,0.240853045,0.605733381,0.062555114,0.019740404,0.071118056
118,0.238370024,0.550836182,0.144340104,0.015037361,0.051416328
119,0.238370024,0.562470026,0.122387413,0.021968162,0.054804375
120,0.238370024,0.58322375,0.087748882,0.007333034,0.083324309
121,0.238370024,0.519918316,0.179775368,0.021813456,0.040122836
122,0.240853045,0.546674608,0.156824827,0.014511363,0.041136156
123,0.238370024,0.595445474,0.107218552,0.014480422,0.044485527
124,0.238370024,0.58234193,0.12258853,0.014294776,0.04240474
125,0.237619703,0.593797862,0.087215149,0.010984081,0.070383205
126,0.240853045,0.577383623,0.108541283,0.019539287,0.053682761
127,0.337673611,0.536458333,0.092013889,0.033854167,0
128,0.238370024,0.635413605,0.044075558,0.020513931,0.061626882
129,0.238207584,0.548825013,0.112981327,0.022594718,0.077391358
130,0.240853045,0.59965346,0.08984514,0.021813456,0.047834898
131,0.237627439,0.606955553,0.056598957,0.006899859,0.091918192
132,0.238370024,0.558880861,0.132450997,0.009096675,0.061201442
133,0.24084531,0.616152787,0.085459243,0.016275004,0.041267656
134,0.240853045,0.680711335,0.05206609,0.014356658,0.012012871
135,0.237565556,0.51672365,0.141779731,0.020297344,0.08363372
136,0.238370024,0.516120299,0.182366683,0.023430127,0.039712867
137,0.238370024,0.56762945,0.112718328,0.013877071,0.067405127
138,0.238370024,0.630300593,0.049853803,0.019987933,0.061487647
139,0.240853045,0.628304893,0.043240149,0.018812172,0.06878974
140,0.238370024,0.633549405,0.072007612,0.013985365,0.042087594
141,0.238199848,0.517852999,0.158472439,0.020985783,0.064488931
142,0.319512195,0.483739837,0.169918699,0.026829268,0
143,0.238308142,0.57485419,0.099599313,0.015795418,0.071442937
144,0.238269466,0.509189499,0.17753214,0.018572379,0.056436517
145,0.238370024,0.570058324,0.103273565,0.01355219,0.074745896
146,0.240048577,0.555446402,0.130068534,0.021063135,0.05337335
147,0.238370024,0.57397237,0.111828772,0.00835409,0.067474744
148,0.240853045,0.638855799,0.075024366,0.013900277,0.031366512
149,0.238370024,0.603598447,0.076455391,0.02177478,0.059801358
150,0.240853045,0.615410201,0.094633271,0.014171011,0.034932471
151,0.240087254,0.641609555,0.068519006,0.003063166,0.04672102
152,0.240853045,0.542311917,0.153150575,0.02048299,0.043201473
153,0.238370024,0.499698325,0.180239484,0.02250963,0.059182537
154,0.30744072,0.506132461,0.156173344,0.030253475,0
155,0.238370024,0.624367642,0.074274045,0.00431628,0.058672009
156,0.240853045,0.581831402,0.106661613,0.02162781,0.04902613
157,0.238370024,0.679651604,0.050936741,0.014201952,0.016839679
158,0.238370024,0.619494423,0.074328192,0.021782515,0.046024846
159,0.238370024,0.666524853,0.05625087,0.014882656,0.023971596
160,0.238370024,0.646985566,0.0666316,0.013923483,0.034089327
161,0.296596434,0.547001621,0.136952998,0.019448947,0
162,0.238370024,0.583695602,0.088429586,0.006807036,0.082697752
163,0.240853045,0.595878649,0.091330311,0.010148672,0.061789322
164,0.238370024,0.588855026,0.085072479,0.02162781,0.066074661
165,0.238370024,0.62216309,0.053249586,0.019956992,0.066260307
166,0.238370024,0.571984406,0.118666749,0.023174863,0.047803957
167,0.240798898,0.597990377,0.071342378,0.014658333,0.075210013
168,0.238370024,0.574769102,0.132752673,0.021256517,0.032851684
169,0.240814369,0.552607559,0.146567862,0.019709463,0.040300747
170,0.238370024,0.597139498,0.11336809,0.009498909,0.041623478
171,0.238370024,0.636751806,0.075604511,0.014511363,0.034762295
172,0.238370024,0.526771763,0.16656353,0.020544872,0.04774981
173,0.238370024,0.592359102,0.093418834,0.018185615,0.057666424
174,0.237557821,0.612509476,0.076347097,0.02681044,0.046775167
175,0.23837776,0.60990269,0.087594177,0.008756324,0.05536905
176,0.238370024,0.611364656,0.065417163,0.021906279,0.062941877
177,0.238370024,0.536293878,0.155455685,0.020328285,0.049552128
178,0.238370024,0.740938133,0.010589582,0.00894197,0.00116029
179,0.238370024,0.519786816,0.133479788,0.019477405,0.088885967
180,0.237588762,0.728136264,0.019686258,0.013985365,0.000603351
181,0.238370024,0.621737651,0.056815545,0.007271152,0.075805628
182,0.240860781,0.638809388,0.034213091,0.013088074,0.073028667
183,0.238370024,0.62474667,0.120871301,0.013923483,0.002088522
184,0.238370024,0.620500008,0.052406442,0.007642445,0.081081081
185,0.240853045,0.634616872,0.109778926,0.014016306,0.00073485
186,0.238370024,0.720408732,0.01803091,0.020390167,0.002800167
187,0.238292672,0.676364115,0.071419731,0.013923483,0
188,0.238370024,0.709532945,0.02767679,0.020823342,0.0035969
189,0.238370024,0.649484058,0.098284318,0.013861601,0
190,0.238370024,0.580206996,0.106824054,0.020351491,0.054247436
191,0.238370024,0.624854964,0.088499203,0.015083773,0.033192036
192,0.238370024,0.667035381,0.080779406,0.013614072,0.000201117
193,0.238277201,0.730565139,0.01327372,0.009251381,0.008632559
194,0.238370024,0.693575086,0.053806525,0.013954424,0.00029394
195,0.240860781,0.650915082,0.094122743,0.013923483,0.000177911
196,0.238370024,0.583417132,0.120322097,0.015532419,0.042358329
197,0.238370024,0.62733025,0.050650536,0.020831077,0.062818113
198,0.238370024,0.640194001,0.106677083,0.014356658,0.000402234
199,0.240102724,0.585126626,0.114311793,0.021279723,0.039179133
200,0.238370024,0.656159594,0.091454076,0.013768777,0.000247529
201,0.238370024,0.670941692,0.076579155,0.014109129,0
202,0.238370024,0.633781463,0.050433949,0.013211838,0.064202726
203,0.238370024,0.562949612,0.117483253,0.021233311,0.059963799
204,0.238223054,0.666540324,0.08134408,0.013892542,0
205,0.23837776,0.641160909,0.066260307,0.00922044,0.044980584
206,0.238370024,0.536007673,0.147619858,0.021171429,0.056831015
207,0.23837776,0.728755086,0.021504046,0.009560791,0.001802317
208,0.238370024,0.572835285,0.126169959,0.008632559,0.053992172
209,0.238370024,0.664196538,0.088212998,0.009034793,0.000185646
210,0.240853045,0.579603645,0.10601185,0.021782515,0.051748944
211,0.238370024,0.607179876,0.140286824,0.013985365,0.000177911
212,0.238346818,0.534514767,0.121521063,0.006250097,0.099367255
213,0.240860781,0.723634338,0.023453333,0.009715497,0.002336051
214,0.238370024,0.689026749,0.058648803,0.013954424,0
215,0.240853045,0.684354647,0.060977119,0.013675954,0.000139235
216,0.240853045,0.646072804,0.098632405,0.014171011,0.000270734
217,0.240860781,0.591639722,0.080044555,0.00779715,0.079657792
218,0.238370024,0.59692291,0.068418447,0.021070871,0.075217748
219,0.238370024,0.704095051,0.034715884,0.020606754,0.002212287
220,0.241742601,0.578845589,0.091662928,0.021318399,0.066430483
221,0.238269466,0.639041446,0.061472176,0.019415523,0.041801389
222,0.238370024,0.572487198,0.12258853,0.020359226,0.046195022
223,0.238370024,0.603087919,0.082024784,0.007425857,0.069091415
224,0.238370024,0.66555021,0.080647906,0.014263835,0.001168025
225,0.240860781,0.682962298,0.062191556,0.013985365,0
226,0.238370024,0.651456551,0.045947493,0.020699578,0.043526354
227,0.240853045,0.507526416,0.192383855,0.021728368,0.037508315
228,0.240853045,0.637772862,0.107512492,0.013366543,0.000495057
229,0.238400965,0.739507109,0.011479138,0.008446913,0.002165875
230,0.238370024,0.626850663,0.121072418,0.013706895,0
231,0.240767957,0.56834883,0.117019137,0.021457634,0.052406442
232,0.238370024,0.613553737,0.064318755,0.013088074,0.07066941
233,0.238370024,0.638523183,0.108904841,0.014201952,0
234,0.238370024,0.53447609,0.163500364,0.021256517,0.042397005
235,0.238370024,0.74128622,0.010040378,0.008694441,0.001608936
236,0.238370024,0.679280311,0.073763517,0.008261266,0.000324881
237,0.238370024,0.700389858,0.046891196,0.014078188,0.000270734
238,0.238370024,0.631321648,0.116299757,0.013768777,0.000239793
239,0.238354554,0.569176503,0.08986061,0.021449899,0.081158434
240,0.240853045,0.532178716,0.149739321,0.021813456,0.055415461
241,0.238370024,0.630726032,0.116663315,0.01383066,0.000409969
242,0.238370024,0.599777224,0.095120593,0.014039512,0.052692647
243,0.238370024,0.619958539,0.070135677,0.020305079,0.051230681
244,0.238370024,0.628096041,0.043046767,0.015045097,0.075442071
245,0.243196832,0.699701419,0.027073439,0.020575813,0.009452498
246,0.238370024,0.56793886,0.105942233,0.01960117,0.068147713
247,0.240853045,0.577638887,0.094532712,0.023089776,0.06388558
248,0.238370024,0.684903851,0.062678878,0.014047247,0
249,0.238370024,0.66442086,0.039604573,0.014441746,0.043162796
250,0.238370024,0.613576943,0.079178205,0.021844397,0.047030431
251,0.238370024,0.584600628,0.130501709,0.015895976,0.030631662
252,0.238385495,0.589659493,0.11032813,0.010179613,0.051447269
253,0.238370024,0.582728693,0.111666331,0.017450765,0.049784186
254,0.240025372,0.615967141,0.085536596,0.014263835,0.044207058
255,0.240853045,0.607504757,0.072030817,0.020421108,0.059190272
256,0.322077922,0.546320346,0.102164502,0.029437229,0
257,0.238370024,0.600047959,0.084314423,0.021163694,0.0561039
258,0.240853045,0.620732066,0.049010659,0.022308513,0.067095716
259,0.238370024,0.680487012,0.056428781,0.014171011,0.010543171
260,0.238370024,0.642738904,0.054672876,0.020784666,0.043433531
261,0.238354554,0.590897136,0.100349634,0.008911029,0.061487647
262,0.238287561,0.670436187,0.058966074,0.032310178,0
263,0.238370024,0.554464023,0.156260153,0.014913597,0.035992203
264,0.238339083,0.565347546,0.132474203,0.009344204,0.054494964
265,0.240853045,0.694348613,0.045715435,0.01414007,0.004942836
266,0.23837776,0.644371045,0.029463637,0.007456799,0.08033076
267,0.299435028,0.578692494,0.092009685,0.029862793,0
268,0.240860781,0.576602361,0.122139885,0.014047247,0.046349727
269,0.238370024,0.60125466,0.093550333,0.009684556,0.057140426
270,0.238370024,0.581661226,0.120824889,0.010241495,0.048902365
271,0.240853045,0.608680518,0.087996411,0.022741688,0.039728337
272,0.238370024,0.632597967,0.04801281,0.021759309,0.05925989
273,0.240767957,0.635506428,0.03980569,0.013753307,0.070166618
274,0.238370024,0.622650412,0.067064775,0.020637696,0.051277093
275,0.238370024,0.664823094,0.055338109,0.014325717,0.027143056
276,0.238370024,0.616214669,0.096219001,0.002869784,0.046326521
277,0.238370024,0.647279506,0.042814709,0.02250963,0.04902613
278,0.238370024,0.626750104,0.098740698,0.013737836,0.022401337
279,0.150563607,0.755233494,0.072463768,0.02173913,0
280,0.240853045,0.624475936,0.09706988,0.013954424,0.023646715
281,0.238370024,0.602059128,0.101888952,0.022648865,0.03503303
282,0.238370024,0.674453503,0.049768715,0.014232893,0.023174863
283,0.238370024,0.637533068,0.045916552,0.020792401,0.057387955
284,0.238370024,0.595940531,0.081289933,0.01340522,0.070994291
285,0.359375,0.53125,0.072916667,0.036458333,0
286,0.238370024,0.613429973,0.082883399,0.02249416,0.042822445
287,0.237627439,0.570607528,0.106259379,0.021163694,0.064341961
288,0.310064935,0.560876623,0.099025974,0.030032468,0
289,0.238370024,0.61984251,0.056320488,0.02076146,0.064705518
290,0.238370024,0.620206068,0.078033385,0.014201952,0.04918857
291,0.237542351,0.613484119,0.090077198,0.008006003,0.050890329
292,0.238370024,0.642862668,0.046960813,0.021380281,0.050426213
293,0.238370024,0.604952119,0.094927211,0.014666068,0.047084577
294,0.238370024,0.606638407,0.074954749,0.02134934,0.05868748
295,0.240853045,0.602956419,0.08999211,0.013853865,0.05234456
296,0.240853045,0.618426956,0.075473012,0.022091926,0.043155061
297,0.238370024,0.665472857,0.075480747,0.014480422,0.00619595
298,0.310951239,0.571542766,0.087130296,0.030375699,0
299,0.238370024,0.605686969,0.092861895,0.009096675,0.053984437
300,0.238532465,0.602337598,0.090912607,0.011602902,0.056614428
301,0.31659919,0.639676113,0.024291498,0.019433198,0
302,0.240853045,0.620229273,0.097657761,0.01414007,0.02711985
303,0.240853045,0.623044911,0.067149863,0.021101812,0.047850369
304,0.240791163,0.660158728,0.057086279,0.014078188,0.027885642
305,0.238370024,0.621892356,0.052112502,0.007580563,0.080044555
306,0.238385495,0.631484089,0.071953465,0.008570677,0.049606275
307,0.238370024,0.612231006,0.058184687,0.021534987,0.069679296
308,0.238370024,0.670083077,0.04152292,0.002947137,0.047076842
309,0.23824626,0.615448878,0.067049305,0.014635127,0.06462043
310,0.237627439,0.614056529,0.074823249,0.009622674,0.063870109
311,0.240853045,0.629558007,0.052909234,0.013366543,0.06331317
312,0.238370024,0.656383917,0.079069911,0.014016306,0.012159842
313,0.240853045,0.688144928,0.051981002,0.013675954,0.00534507
314,0.240853045,0.613739383,0.067985272,0.02134934,0.056072959
315,0.238370024,0.606553319,0.095368121,0.014171011,0.045537524
316,0.238370024,0.60601185,0.093813333,0.01414007,0.047664723
317,0.238370024,0.623717879,0.07845109,0.009034793,0.050426213
318,0.238370024,0.634926283,0.063746345,0.014240629,0.048716719
319,0.238370024,0.647434212,0.059770417,0.01441854,0.040006807
320,0.238370024,0.635189282,0.049265923,0.016367827,0.060806943
321,0.238370024,0.616508609,0.049567599,0.023290892,0.072262875
322,0.237627439,0.638987299,0.053032999,0.009684556,0.060667708
323,0.238370024,0.619664599,0.05495908,0.019740404,0.067265892
324,0.238370024,0.665743591,0.046117669,0.014232893,0.035535822
325,0.240853045,0.611952536,0.092521543,0.014109129,0.040563746
326,0.238370024,0.563831433,0.132203468,0.023051099,0.042543975
327,0.240853045,0.682939092,0.049559863,0.013892542,0.012755457
328,0.238370024,0.626618605,0.097680967,0.022030044,0.01530036
329,0.240853045,0.692020297,0.046195022,0.013737836,0.007193799
330,0.240860781,0.654976098,0.033663887,0.007982797,0.062516437
331,0.243336066,0.600218135,0.104379709,0.021534987,0.030531104
332,0.238370024,0.631801235,0.077182506,0.014016306,0.038629929
333,0.238370024,0.679450487,0.050379802,0.014016306,0.017783382
334,0.238375916,0.634604228,0.070111928,0.009406013,0.047501914
335,0.23836818,0.613061673,0.081792093,0.012523302,0.054254751
336,0.23836818,0.56728471,0.123098106,0.022385693,0.048863311
337,0.23836818,0.572614268,0.128845365,0.014758778,0.045413408
338,0.240851182,0.632446105,0.043502812,0.007487682,0.075712219
339,0.23836818,0.683018897,0.049327424,0.014232783,0.015052715
340,0.23836818,0.66772639,0.052065687,0.004184748,0.037654994
341,0.23836818,0.623303089,0.076826089,0.014139961,0.047362681
342,0.23836818,0.570982139,0.127955816,0.021271823,0.041422041
343,0.2376256,0.652480295,0.060845149,0.00928225,0.039766706
344,0.238383651,0.612133448,0.104943572,0.010086712,0.034452618
345,0.23836818,0.592393196,0.10173346,0.022493986,0.045011177
346,0.153660499,0.802091714,0.022526146,0.021721641,0
347,0.243225891,0.636777822,0.067474222,0.014294665,0.0382274
348,0.23836818,0.589716814,0.103063916,0.021751406,0.047099684
349,0.23835271,0.582244603,0.115958508,0.022153637,0.041290542
350,0.23836818,0.578802435,0.117714401,0.02301998,0.042095004
351,0.23836818,0.64599819,0.051841366,0.013954316,0.049837947
352,0.231814548,0.651478817,0.084732214,0.03197442,0
353,0.23836818,0.609542153,0.094740832,0.021813288,0.035535547
354,0.240742889,0.580620209,0.131529483,0.014170902,0.032936517
355,0.23836818,0.625693268,0.05215851,0.016367701,0.067412341
356,0.324652778,0.5703125,0.073784722,0.03125,0
357,0.240851182,0.586622731,0.10785201,0.016762196,0.047911881
358,0.23836818,0.637404373,0.029463409,0.023515033,0.071249004
359,0.237579189,0.603694336,0.064681812,0.021689524,0.072355139
360,0.242491046,0.56340937,0.112230138,0.014325606,0.067543839
361,0.23836818,0.663618995,0.048143937,0.003991368,0.045877521
362,0.239211318,0.619010048,0.061881667,0.011734311,0.068162656
363,0.23836818,0.662025542,0.052305479,0.01391564,0.033385159
364,0.240851182,0.615753525,0.108099537,0.014016198,0.021279558
365,0.23836818,0.620564825,0.081699271,0.008570611,0.050797113
366,0.23836818,0.619226634,0.097293451,0.014604073,0.030507662
367,0.23836818,0.595170136,0.098322233,0.012894592,0.055244858
368,0.23836818,0.625631386,0.083664013,0.013954316,0.038382104
369,0.240843447,0.590606363,0.10823877,0.014170902,0.046140518
370,0.23836818,0.632500251,0.049520804,0.007518623,0.072092142
371,0.240851182,0.629591813,0.051268961,0.017760038,0.060528005
372,0.240812506,0.5708197,0.102715832,0.019601018,0.066050944
373,0.238406856,0.636205416,0.047053272,0.014147696,0.064186759
374,0.23836818,0.626281144,0.0514314,0.01336644,0.070552835
375,0.23836818,0.540590506,0.156065564,0.014402958,0.050572792
376,0.23836818,0.562883376,0.144145608,0.002738264,0.051864572
377,0.240851182,0.698744576,0.044794592,0.014047138,0.001562512
378,0.23836818,0.618267468,0.053210498,0.018340179,0.071813674
379,0.23836818,0.717927892,0.0259903,0.014016198,0.00369743
380,0.303398058,0.567961165,0.098705502,0.029935275,0
381,0.23836818,0.627456896,0.063420973,0.016746726,0.054007225
382,0.330729167,0.526909722,0.116319444,0.026041667,0
383,0.303030303,0.609250399,0.066188198,0.0215311,0
384,0.25,0.665798611,0.050347222,0.033854167,0
385,0.23836818,0.588564268,0.108741559,0.021287293,0.043038699
386,0.240704213,0.646640212,0.04621787,0.014240519,0.052197186
387,0.23836818,0.625097657,0.073824828,0.008415907,0.054293427
388,0.240853045,0.572765668,0.094842123,0.021388017,0.070151147
389,0.238370024,0.58394313,0.115549436,0.0086635,0.053473909
390,0.240868516,0.645237395,0.036448584,0.008199384,0.069246121
391,0.238370024,0.691068859,0.043139591,0.013768777,0.013652748
392,0.244367418,0.639514731,0.079722704,0.036395147,0
393,0.238370024,0.631855381,0.056072959,0.007704327,0.065997308
394,0.238370024,0.606785377,0.093372422,0.008601618,0.052870558
395,0.238370024,0.636094308,0.041708566,0.023337304,0.060489797
396,0.238370024,0.638430359,0.051060505,0.007951856,0.064187255
397,0.240853045,0.648114915,0.052847352,0.021504046,0.036680642
398,0.238370024,0.635158341,0.04873219,0.007611504,0.070127941
399,0.238370024,0.579781556,0.112818886,0.014109129,0.054920404
400,0.238370024,0.633595817,0.054626464,0.018703878,0.054703817
401,0.238370024,0.637796067,0.066886864,0.01414007,0.042806974
402,0.238370024,0.562632466,0.117692105,0.015926917,0.065378487
403,0.24084531,0.525070004,0.153722985,0.020219991,0.06014171
404,0.238370024,0.624437259,0.086294652,0.014263835,0.03663423
405,0.240706075,0.574328192,0.113994647,0.01428704,0.056684045
406,0.314076485,0.549227014,0.106590724,0.030105777,0
407,0.329297821,0.595641646,0.04842615,0.026634383,0
408,0.238370024,0.6211343,0.053876143,0.013675954,0.072943579
409,0.240853045,0.617645694,0.064782871,0.021759309,0.05495908
410,0.240853045,0.597108557,0.098191494,0.014387599,0.049459305
411,0.240853045,0.599104256,0.090448491,0.021534987,0.048059221
412,0.238370024,0.550882594,0.121985179,0.013791983,0.074970219
413,0.238370024,0.625790931,0.081955166,0.00416931,0.049714569
414,0.238300407,0.599429137,0.100365105,0.008191649,0.053713702
415,0.240853045,0.665031947,0.053829731,0.013985365,0.026299912
416,0.240853045,0.624723464,0.072819815,0.021720633,0.039883043
417,0.238370024,0.636682189,0.038900664,0.019554758,0.066492365
418,0.238370024,0.642684757,0.029765312,0.007116447,0.08206346
419,0.238292672,0.558811244,0.112447594,0.021194635,0.069253856
420,0.238370024,0.629155773,0.117769458,0.014078188,0.000626557
421,0.238385495,0.579773821,0.125141169,0.008702177,0.047997339
422,0.238370024,0.586178623,0.115874317,0.022184749,0.037392286
423,0.238370024,0.64954594,0.097696437,0.014387599,0
424,0.238370024,0.641431643,0.032395303,0.020374696,0.067428333
425,0.238370024,0.588151116,0.114876468,0.021194635,0.037407757
426,0.238370024,0.601881217,0.103087919,0.020359226,0.036301614
427,0.238370024,0.617645694,0.057186838,0.016391033,0.070406411
428,0.238331348,0.655068921,0.092498337,0.013923483,0.000177911
429,0.238370024,0.646405421,0.072835285,0.010032643,0.032356627
430,0.238370024,0.58812791,0.078435619,0.006745154,0.088321292
431,0.238370024,0.601223719,0.093171305,0.021511781,0.04572317
432,0.240853045,0.608162255,0.07124182,0.013335602,0.066407277
433,0.240853045,0.674585003,0.070785439,0.013490308,0.000286205
434,0.238385495,0.589883816,0.097100821,0.009653615,0.064976253
435,0.238370024,0.577468711,0.080307554,0.007456799,0.096396912
436,0.238370024,0.630919414,0.047277959,0.021473104,0.061959498
437,0.238370024,0.644255016,0.053558997,0.00807562,0.055740343
438,0.238370024,0.599405931,0.104890237,0.017234178,0.04009963
439,0.238370024,0.614304058,0.048577484,0.023530686,0.075217748
440,0.243181361,0.635266635,0.061162766,0.014263835,0.046125404
441,0.23752688,0.579209146,0.083316574,0.029417225,0.070530175
442,0.238370024,0.602198363,0.092560219,0.021070871,0.045800523
443,0.238370024,0.618380544,0.05724872,0.020490725,0.065509986
444,0.240860781,0.666470707,0.062972818,0.014356658,0.015339037
445,0.238354554,0.602871332,0.087617383,0.022339455,0.048817277
446,0.240853045,0.63628769,0.067165334,0.01414007,0.041553861
447,0.238370024,0.64812265,0.044609292,0.007271152,0.061626882
448,0.238370024,0.654852334,0.03230248,0.013397484,0.061077678
449,0.240853045,0.623261498,0.070855057,0.022060985,0.042969415
450,0.23837776,0.615170408,0.077538328,0.01441854,0.054494964
451,0.238370024,0.689003543,0.060543944,0.009034793,0.003047696
452,0.238370024,0.62216309,0.0561039,0.020947106,0.062415879
453,0.238370024,0.636055632,0.049312335,0.008849147,0.067412862
454,0.240102724,0.516290475,0.181794273,0.012724516,0.049088012
455,0.238370024,0.625079286,0.076849889,0.014542304,0.045158496
456,0.238370024,0.623926732,0.067876978,0.021070871,0.048755395
457,0.238370024,0.667654203,0.068109036,0.01414007,0.011726667
458,0.23837776,0.547540958,0.155687743,0.009901143,0.048492396
459,0.238370024,0.582620399,0.102623803,0.022865453,0.053520321
460,0.240853045,0.598462229,0.083912189,0.020513931,0.056258605
461,0.240853045,0.662177633,0.076757066,0.01383066,0.006381596
462,0.238370024,0.644533486,0.027599437,0.007982797,0.081514256
463,0.240853045,0.644479339,0.056668575,0.021596869,0.036402172
464,0.240853045,0.649290676,0.04587014,0.008539736,0.055446402
465,0.238323613,0.649058618,0.094950417,0.013614072,0.004053281
466,0.238370024,0.668706199,0.048268073,0.009622674,0.03503303
467,0.238370024,0.636388249,0.045406024,0.016785532,0.063050171
468,0.240853045,0.619850245,0.084151983,0.015393184,0.039751543
469,0.240853045,0.602476833,0.093697303,0.014294776,0.048678043
470,0.238370024,0.726921827,0.021256517,0.009065734,0.004385897
471,0.238370024,0.663887127,0.08363372,0.014109129,0
472,0.240868516,0.645067219,0.023321834,0.007147388,0.083595043
473,0.238370024,0.644688191,0.043712,0.009282322,0.063947462
474,0.240853045,0.699136744,0.046125404,0.013737836,0.00014697
475,0.238370024,0.62417426,0.075604511,0.004277603,0.057573601
476,0.238308142,0.613136032,0.079240087,0.014542304,0.054773434
477,0.238370024,0.60555547,0.091995544,0.022525101,0.041553861
478,0.238370024,0.590355668,0.102964155,0.018046381,0.050263773
479,0.237766673,0.643744489,0.03418215,0.014472687,0.069834001
480,0.238370024,0.635815839,0.069957765,0.014171011,0.04168536
481,0.238370024,0.593179041,0.093720509,0.022586983,0.052143443
482,0.238370024,0.606112409,0.096884234,0.008725383,0.04990795
483,0.238370024,0.619339718,0.087694735,0.01414007,0.040455453
484,0.240853045,0.642267052,0.030051517,0.008230325,0.07859806
485,0.238370024,0.598965021,0.105640558,0.014047247,0.04297715
486,0.238370024,0.651951608,0.069145562,0.009189499,0.031343307
487,0.238370024,0.607079317,0.092598895,0.017373412,0.044578351
488,0.240853045,0.654604805,0.034530237,0.020544872,0.04946704
489,0.240853045,0.662626278,0.067118922,0.014325717,0.015076038
490,0.240853045,0.648432061,0.064341961,0.013861601,0.032511332
491,0.238370024,0.72036232,0.016940237,0.020173579,0.004153839
492,0.238292672,0.637525333,0.065525457,0.014263835,0.044392704
493,0.238370024,0.603188478,0.082976222,0.017334736,0.05813054
494,0.240853045,0.671498631,0.073910487,0.013737836,0
495,0.238370024,0.620716595,0.059468742,0.021287458,0.060157181
496,0.237627439,0.712031436,0.03979022,0.009560791,0.000990114
497,0.238370024,0.585838271,0.082744164,0.020668637,0.072378904
498,0.238370024,0.58639521,0.104047092,0.022184749,0.049002924
499,0.238370024,0.604348768,0.086665945,0.007642445,0.062972818
500,0.238370024,0.560451121,0.127802101,0.014758892,0.058617862
501,0.240853045,0.631275236,0.034599855,0.019987933,0.073283931
502,0.240853045,0.607643992,0.077723975,0.022532836,0.051246152
503,0.240853045,0.630919414,0.037624344,0.019678522,0.070924674
504,0.238370024,0.541182568,0.160027228,0.014604186,0.045815993
505,0.238370024,0.543944059,0.129612154,0.023700862,0.064372902
506,0.238370024,0.611380127,0.07686536,0.013768777,0.059615712
507,0.238323613,0.484428905,0.185661907,0.015037361,0.076548214
508,0.238370024,0.643419607,0.031791952,0.007889974,0.078528443
509,0.231766613,0.628849271,0.106969206,0.032414911,0
510,0.311435523,0.573398216,0.088402271,0.02676399,0
511,0.238370024,0.607226288,0.092544749,0.01414007,0.047718869
512,0.300079808,0.578611333,0.091779729,0.02952913,0
513,0.240853045,0.634616872,0.068526741,0.013645013,0.042358329
514,0.346354167,0.541666667,0.072048611,0.039930556,0
515,0.240853045,0.578095268,0.113754854,0.022030044,0.045266789
516,0.238331348,0.507116447,0.171622395,0.022091926,0.060837884
517,0.238370024,0.611465214,0.0842216,0.021070871,0.044872291
518,0.240853045,0.618867866,0.084151983,0.022648865,0.033478241
519,0.239955754,0.589520259,0.065270193,0.020142638,0.085111156
520,0.238370024,0.641091292,0.059004626,0.014171011,0.047363047
521,0.238370024,0.608286019,0.092289485,0.015903711,0.04515076
522,0.238370024,0.57815715,0.130130417,0.014851715,0.038490694
523,0.317152104,0.594660194,0.063915858,0.024271845,0
524,0.238370024,0.565966367,0.138376213,0.014758892,0.042528504
525,0.237557821,0.676279027,0.068503535,0.014016306,0.003643311
526,0.220365951,0.655529037,0.088305489,0.035799523,0
527,0.238277201,0.594153684,0.073322607,0.018378997,0.07586751
528,0.238370024,0.714676898,0.032843949,0.01383066,0.00027847
529,0.238370024,0.57297452,0.128707127,0.0209239,0.039024428
530,0.238370024,0.611372391,0.080632436,0.010581847,0.059043302
531,0.238370024,0.610173425,0.099243491,0.008957441,0.04325562
532,0.238370024,0.609933631,0.080090967,0.014171011,0.057434366
533,0.238370024,0.55580996,0.123594115,0.022184749,0.060041152
534,0.240853045,0.511200668,0.174855737,0.014944538,0.058146011
535,0.238370024,0.585443772,0.100999397,0.019554758,0.055632049
536,0.238370024,0.640224942,0.070553381,0.009653615,0.041198038
537,0.240427606,0.596953851,0.073276195,0.012964309,0.076378038
538,0.238370024,0.52885255,0.143133402,0.023112981,0.066531042
539,0.226171244,0.668012924,0.076736672,0.02907916,0
540,0.238370024,0.626417488,0.050557713,0.020854283,0.063800492
541,0.325520833,0.603298611,0.048611111,0.022569444,0
542,0.240667399,0.597433438,0.090023051,0.013474837,0.058401275
543,0.238370024,0.586317858,0.091376723,0.022710747,0.061224648
544,0.238370024,0.616980461,0.0824889,0.018781231,0.043379384
545,0.240853045,0.588738997,0.085374155,0.021689692,0.063344111
546,0.238370024,0.537554727,0.150744906,0.014263835,0.059066508
547,0.238370024,0.663670539,0.057086279,0.004517397,0.03635576
548,0.238354554,0.611279568,0.076981389,0.014016306,0.059368183
549,0.238400965,0.652469871,0.067242686,0.004207986,0.037678491
550,0.238370024,0.579866644,0.098624669,0.022339455,0.060799208
551,0.238370024,0.594532712,0.079719674,0.0191912,0.068186389
552,0.240853045,0.690334009,0.047347577,0.014201952,0.007263417
553,0.244155844,0.682251082,0.052813853,0.020779221,0
554,0.240860781,0.557565866,0.122673618,0.015091508,0.063808227
555,0.238370024,0.584585158,0.094803447,0.02134934,0.060892031
556,0.23752688,0.587764353,0.08291434,0.017172295,0.074622132
557,0.238370024,0.57815715,0.110482835,0.021937221,0.05105277
558,0.335069444,0.5546875,0.075520833,0.034722222,0
559,0.238400965,0.628807686,0.05191912,0.020684107,0.060188122
560,0.238370024,0.623563174,0.076053157,0.014480422,0.047533223
561,0.238370024,0.583200545,0.106591996,0.01126255,0.060574885
562,0.238370024,0.641663701,0.072726991,0.013861601,0.033377682
563,0.240644193,0.608951252,0.069006327,0.022463219,0.058935008
564,0.243336066,0.605880351,0.0648989,0.013985365,0.071899318
565,0.238370024,0.593271864,0.068132242,0.018997819,0.081228051
566,0.241680719,0.598972756,0.080369436,0.01714909,0.061827999
567,0.326388889,0.559027778,0.083333333,0.03125,0
568,0.298076923,0.587339744,0.084935897,0.029647436,0
569,0.238370024,0.549351011,0.122921147,0.022060985,0.067296833
570,0.237627439,0.538916134,0.123617321,0.013923483,0.085915624
571,0.238370024,0.619061248,0.073709371,0.016522533,0.052336825
572,0.304065041,0.570731707,0.095121951,0.030081301,0
573,0.238370024,0.633224524,0.055075109,0.020637696,0.052692647
574,0.245659722,0.630208333,0.090277778,0.033854167,0
575,0.294354839,0.587096774,0.088709677,0.02983871,0
576,0.23837776,0.606777642,0.075619982,0.007178329,0.072046288
577,0.323784722,0.524305556,0.120659722,0.03125,0
578,0.238370024,0.581444639,0.088437321,0.02020452,0.071543495
579,0.238385495,0.629697242,0.052352295,0.00807562,0.071489349
580,0.318555008,0.516420361,0.134646962,0.030377668,0
581,0.238370024,0.59071149,0.082086666,0.021658751,0.067173069
582,0.238370024,0.605679234,0.083246956,0.022246631,0.050457154
583,0.238370024,0.598377141,0.095631121,0.021194635,0.04642708
584,0.238370024,0.673966181,0.050124538,0.014109129,0.023430127
585,0.238370024,0.684486146,0.045406024,0.014387599,0.017350207
586,0.240853045,0.719859528,0.025309797,0.01383066,0.00014697
587,0.238370024,0.554015378,0.120291155,0.023298628,0.064024815
588,0.237588762,0.559043302,0.107922462,0.019740404,0.07570507
589,0.31345689,0.596293312,0.060435133,0.029814666,0
590,0.238370024,0.605478117,0.090494902,0.014294776,0.051362181
591,0.238370024,0.68271477,0.045259054,0.014232893,0.019423258
592,0.240853045,0.65749006,0.054262906,0.014573245,0.032820743
593,0.238370024,0.59129937,0.095809032,0.021302929,0.053218645
594,0.238370024,0.647921533,0.056606693,0.009127616,0.047974133
595,0.3128,0.5512,0.0944,0.0416,0
596,0.238370024,0.626928016,0.051632915,0.007735268,0.075333777
597,0.240853045,0.632551556,0.066639335,0.021039929,0.038916134
598,0.238370024,0.580965052,0.122031591,0.014511363,0.04412197
599,0.311343524,0.591311344,0.07079646,0.026548673,0
600,0.238370024,0.606282585,0.060822414,0.019492876,0.075032101
601,0.23837776,0.623269234,0.065595074,0.008323149,0.064434784
602,0.340277778,0.529513889,0.098958333,0.03125,0
603,0.328993056,0.520833333,0.108506944,0.041666667,0
604,0.30459307,0.586623691,0.088638195,0.020145044,0
605,0.299439552,0.587670136,0.083266613,0.029623699,0
606,0.238370024,0.611952536,0.086031653,0.00922044,0.054425347
607,0.238370024,0.601540865,0.083656925,0.016476121,0.059956064
608,0.238370024,0.596443324,0.090734696,0.00807562,0.066376336
609,0.238370024,0.596528412,0.104511208,0.014542304,0.046048051
610,0.238370024,0.61897616,0.077298535,0.020328285,0.045026996
611,0.154530744,0.75566343,0.059061489,0.030744337,0
612,0.238370024,0.63973762,0.078296385,0.002923931,0.04067204
613,0.238370024,0.577669828,0.096582559,0.013637278,0.073740312
614,0.238370024,0.5455762,0.147859651,0.014758892,0.053435233
615,0.307692308,0.574898785,0.087449393,0.029959514,0
616,0.238370024,0.513142221,0.167066322,0.020575813,0.06084562
617,0.243055556,0.642361111,0.080729167,0.033854167,0
618,0.237596497,0.62229459,0.077577005,0.010465818,0.05206609
619,0.237534615,0.6683117,0.046682343,0.004146104,0.043325237
620,0.239986695,0.615093055,0.077662093,0.022896394,0.044361763
621,0.312651088,0.570507655,0.074133763,0.042707494,0
622,0.240853045,0.607829638,0.07238664,0.020297344,0.058633333
623,0.238370024,0.639103328,0.060853355,0.021287458,0.040385835
624,0.23839323,0.633580346,0.046775167,0.021720633,0.059530624
625,0.240853045,0.532975448,0.149569146,0.02177478,0.054827581
626,0.238370024,0.623570909,0.059043302,0.024172713,0.054843051
627,0.240744752,0.665612092,0.051168799,0.014047247,0.028427111
628,0.236979167,0.664930556,0.067708333,0.030381944,0
629,0.221867518,0.655227454,0.098164405,0.024740623,0
630,0.237588762,0.547610576,0.120461331,0.013675954,0.080663377
631,0.238370024,0.625821872,0.071179938,0.009406086,0.05522208
632,0.238370024,0.501531583,0.186187905,0.014078188,0.059832299
633,0.237627439,0.589999845,0.101455777,0.014635127,0.056281811
634,0.252604167,0.613715278,0.097222222,0.036458333,0
635,0.238370024,0.588514674,0.109825338,0.009251381,0.054038584
636,0.238370024,0.552553412,0.148161327,0.014820774,0.046094463
637,0.238370024,0.614853262,0.072286081,0.014325717,0.060164916
638,0.238370024,0.569617414,0.135746221,0.014201952,0.042064388
639,0.311039484,0.57292506,0.08622079,0.029814666,0
640,0.240822104,0.630439827,0.06661613,0.01325825,0.048863689
641,0.225702811,0.661044177,0.081124498,0.032128514,0
642,0.238370024,0.528883491,0.188052105,0.014604186,0.030090193
643,0.303225806,0.584677419,0.082258065,0.02983871,0
644,0.238370024,0.558517304,0.147751358,0.014294776,0.041066539
645,0.240853045,0.53907084,0.155819242,0.013645013,0.05061186
646,0.238370024,0.622952088,0.051207475,0.007951856,0.079518557
647,0.306581059,0.571428571,0.087479936,0.034510433,0
648,0.238370024,0.591291635,0.102747567,0.020730519,0.046860255
649,0.240853045,0.619053513,0.088251675,0.014542304,0.037299463
650,0.238370024,0.62662634,0.047409459,0.007240211,0.080353966
651,0.240853045,0.474829437,0.225668714,0.014511363,0.04413744
652,0.240853045,0.617429106,0.066360866,0.020792401,0.054564582
653,0.155465587,0.769230769,0.055060729,0.020242915,0
654,0.238370024,0.590162286,0.070514705,0.026377264,0.074575721
655,0.32137031,0.561990212,0.097063622,0.019575856,0
656,0.238370024,0.503179195,0.210677764,0.01441854,0.033354476
657,0.316260163,0.564227642,0.089430894,0.030081301,0
658,0.228225806,0.658870968,0.090322581,0.022580645,0
659,0.238370024,0.62531908,0.05149368,0.007271152,0.077546064
660,0.238370024,0.613839942,0.082040254,0.00980832,0.055941459
661,0.238370024,0.644989867,0.078543913,0.009498909,0.028597286
662,0.238370024,0.588182057,0.132930584,0.014480422,0.026036913
663,0.34375,0.527777778,0.09375,0.034722222,0
664,0.238370024,0.560319621,0.14782871,0.014758892,0.038722753
665,0.238308142,0.550279243,0.119974009,0.014511363,0.076927242
666,0.238370024,0.55464967,0.146459568,0.01469701,0.045823729
667,0.238370024,0.554533641,0.150303996,0.014820774,0.041971565
668,0.310513447,0.566422168,0.101059495,0.02200489,0
669,0.238370024,0.563993874,0.151402404,0.014666068,0.031567629
670,0.328125,0.559895833,0.080729167,0.03125,0
671,0.238370024,0.538552577,0.158681291,0.009065734,0.055330373
672,0.238370024,0.618775043,0.079433469,0.008756324,0.05466514
673,0.238370024,0.642011789,0.06821733,0.008199384,0.043201473
674,0.238370024,0.585946565,0.106530113,0.013675954,0.055477343
675,0.238370024,0.592707189,0.089945698,0.022834512,0.056142576
676,0.238370024,0.685050821,0.051238416,0.014201952,0.011138786
677,0.238370024,0.629720447,0.077932827,0.014232893,0.039743808
678,0.240806634,0.588499203,0.079541763,0.020575813,0.070576587
679,0.23837776,0.632752673,0.044129705,0.00662139,0.078118473
680,0.238370024,0.51642971,0.174445768,0.009158558,0.061595941
681,0.240079519,0.566012779,0.111209951,0.019369112,0.063328641
682,0.238370024,0.60096072,0.087872647,0.008972911,0.063823698
683,0.243336066,0.483191262,0.216440539,0.013985365,0.043046767
684,0.240853045,0.603474682,0.084012748,0.019817757,0.051841767
685,0.238370024,0.637749656,0.052963381,0.009158558,0.061758381
686,0.23837776,0.598709757,0.073222049,0.008849147,0.080841288
687,0.238370024,0.614667616,0.055229815,0.013211838,0.078520707
688,0.240682869,0.59098996,0.100612633,0.017350207,0.050364331
689,0.238370024,0.638059067,0.062245703,0.015888241,0.045436965
690,0.238370024,0.576888566,0.11204536,0.008725383,0.063970668
691,0.238370024,0.528195053,0.157389502,0.022184749,0.053860672
692,0.240853045,0.585466978,0.091546899,0.021039929,0.061093148
693,0.238370024,0.573477312,0.1194016,0.013521249,0.055229815
694,0.238370024,0.602059128,0.092405514,0.02020452,0.046960813
695,0.238370024,0.622132149,0.081220316,0.015934652,0.042342858
696,0.238370024,0.590479432,0.090603196,0.020452049,0.060095299
697,0.238370024,0.602647009,0.062678878,0.01355219,0.082751899
698,0.238370024,0.708976005,0.029641548,0.022501895,0.000510528
699,0.237542351,0.718606414,0.029208373,0.013985365,0.000657498
700,0.238370024,0.625659432,0.047192871,0.013428426,0.075349247
701,0.240853045,0.576494067,0.113414502,0.016862885,0.052375501
702,0.240048577,0.705324959,0.039689661,0.014480422,0.000456381
703,0.238370024,0.599127462,0.07961138,0.021163694,0.06172744
704,0.238385495,0.602940949,0.069586473,0.007302093,0.08178499
705,0.240853045,0.622039326,0.061178236,0.026214824,0.049714569
706,0.238370024,0.607001965,0.083819366,0.019802287,0.051006358
707,0.240853045,0.627074986,0.118117545,0.013799718,0.000154705
708,0.238370024,0.56705704,0.12618543,0.021596869,0.046790637
709,0.240853045,0.525688826,0.177416111,0.014016306,0.042025712
710,0.238371868,0.647872398,0.065874053,0.014202062,0.033679618
711,0.238370024,0.740249694,0.011904578,0.008725383,0.000750321
712,0.240853045,0.649909497,0.095105122,0.013799718,0.000332617
713,0.23837776,0.705495135,0.046821578,0.009003852,0.000301675
714,0.238370024,0.593109423,0.072324757,0.018626526,0.077569269
715,0.238370024,0.608115843,0.070545646,0.008632559,0.074335927
716,0.238370024,0.684617646,0.060311886,0.01414007,0.002560374
717,0.238370024,0.688964866,0.058107335,0.013923483,0.000634292
718,0.238370024,0.707305187,0.030074723,0.02164328,0.002606785
719,0.238370024,0.597533997,0.076200127,0.022045514,0.065850338
720,0.240853045,0.603884652,0.048616161,0.01469701,0.091949133
721,0.238370024,0.688199075,0.059020096,0.014109129,0.000301675
722,0.238370024,0.593813333,0.085923359,0.014333452,0.067559832
723,0.238370024,0.694688965,0.055902783,0.009437027,0.001601201
724,0.238370024,0.628111512,0.072819815,0.014325717,0.046372933
725,0.240853045,0.604828354,0.086209564,0.021442163,0.046666873
726,0.238370024,0.626533517,0.071674995,0.009127616,0.054293847
727,0.238370024,0.589435171,0.084314423,0.021101812,0.06677857
728,0.240760222,0.471920977,0.218095886,0.014820774,0.054402141
729,0.238370024,0.617583812,0.076919507,0.017357942,0.049768715
730,0.238370024,0.641261468,0.03576788,0.007828091,0.076772537
731,0.237627439,0.528813874,0.146745773,0.022594718,0.064218196
732,0.238370024,0.558478627,0.138971828,0.011355374,0.052824146
733,0.240853045,0.476956636,0.214514457,0.014573245,0.053102616
734,0.238370024,0.624197466,0.066863658,0.013737836,0.056831015
735,0.240667399,0.58695215,0.137695509,0.01441854,0.020266403
736,0.240853045,0.615255496,0.086712356,0.014016306,0.043162796
737,0.238370024,0.623872585,0.063328641,0.02048299,0.05394576
738,0.238370024,0.586704621,0.086286917,0.015996535,0.072641903
739,0.237627439,0.622178561,0.065919955,0.006714213,0.067559832
740,0.238292672,0.612548152,0.070700351,0.008725383,0.069733443
741,0.240853045,0.691834651,0.051741209,0.013397484,0.00217361
742,0.238370024,0.620964124,0.087207413,0.008972911,0.044485527
743,0.238370024,0.625110228,0.088104705,0.013768777,0.034646266
744,0.238370024,0.580353966,0.100852427,0.013799718,0.066623865
745,0.240853045,0.53101069,0.165913767,0.014480422,0.047742075
746,0.238370024,0.624901375,0.080748465,0.016027476,0.03995266
747,0.238370024,0.586209564,0.103443741,0.014635127,0.057341543
748,0.238370024,0.706121691,0.028287876,0.020452049,0.00676836
749,0.238370024,0.718799796,0.033772181,0.008756324,0.000301675
750,0.237519145,0.718714708,0.029007256,0.013861601,0.000897291
751,0.238370024,0.619432541,0.052104766,0.021411222,0.068681446
752,0.238370024,0.702091617,0.037307198,0.02061449,0.001616671
753,0.238370024,0.657799471,0.057055338,0.020947106,0.02582806
754,0.240853045,0.718637355,0.026415941,0.013954424,0.000139235
755,0.238370024,0.618821455,0.068820681,0.016259534,0.057728306
756,0.313868613,0.583941606,0.082725061,0.01946472,0
757,0.325183374,0.564792176,0.083129584,0.026894866,0
758,0.238277201,0.644618574,0.068519006,0.015509213,0.033076007
759,0.238370024,0.629720447,0.049513452,0.019833228,0.062562849
760,0.334201389,0.552083333,0.082465278,0.03125,0
761,0.335069444,0.564236111,0.067708333,0.032986111,0
762,0.308943089,0.554471545,0.103252033,0.033333333,0
763,0.238370024,0.62272003,0.082690017,0.008106561,0.048113368
764,0.238370024,0.546922137,0.151139405,0.013706895,0.049861539
765,0.238370024,0.617916428,0.055013227,0.020947106,0.067753214
766,0.238370024,0.578721824,0.111565773,0.02162781,0.049714569
767,0.240853045,0.489070066,0.208852241,0.014542304,0.046682343
768,0.3203125,0.532986111,0.116319444,0.030381944,0
769,0.240853045,0.616384845,0.083455808,0.014480422,0.044825879
770,0.23752688,0.596304089,0.06936215,0.01801544,0.078791442
771,0.308681672,0.558681672,0.115755627,0.016881029,0
772,0.238370024,0.54887916,0.140209471,0.021736104,0.050805241
773,0.236714976,0.644122383,0.089371981,0.02979066,0
774,0.309983897,0.623993559,0.046698873,0.019323671,0
775,0.238370024,0.611712743,0.069671561,0.007951856,0.072293816
776,0.238370024,0.656445799,0.043781618,0.003960457,0.057442102
777,0.238370024,0.681175451,0.029765312,0.004084222,0.046604991
778,0.24084531,0.547711134,0.121745386,0.021442163,0.068256006
779,0.238362289,0.605362088,0.091121459,0.014542304,0.05061186
780,0.311074919,0.591205212,0.080618893,0.017100977,0
781,0.238308142,0.533663887,0.14637448,0.014944538,0.066708953
782,0.240814369,0.576192392,0.106971024,0.013467102,0.062555114
783,0.240853045,0.630950355,0.072177787,0.020931636,0.035087176
784,0.238370024,0.624793082,0.073980105,0.020637696,0.042219094
785,0.310876623,0.590097403,0.070616883,0.028409091,0
786,0.238370024,0.686218846,0.061193707,0.013954424,0.000262999
787,0.238370024,0.528125435,0.155339656,0.014201952,0.063962933
788,0.240853045,0.624475936,0.082527576,0.021225576,0.030917867
789,0.354166667,0.565104167,0.049479167,0.03125,0
790,0.231578947,0.662348178,0.084210526,0.021862348,0
791,0.328993056,0.567708333,0.072048611,0.03125,0
792,0.23095429,0.717722534,0.028869286,0.022453889,0
793,0.293835068,0.552441954,0.124099279,0.029623699,0
794,0.315104167,0.616319444,0.051215278,0.017361111,0
795,0.238370024,0.567467009,0.12489364,0.022648865,0.046620461
796,0.240860781,0.602507774,0.094625536,0.009127616,0.052878293
797,0.24082984,0.553265057,0.111279568,0.013057133,0.081568403
798,0.238354554,0.533091477,0.13296926,0.020034345,0.075550364
799,0.301675978,0.595371109,0.073423783,0.02952913,0
800,0.240853045,0.60730364,0.106367673,0.014171011,0.03130463
801,0.238370024,0.605014001,0.091160136,0.008137502,0.057318337
802,0.313517915,0.592833876,0.066775244,0.026872964,0
803,0.238370024,0.661110166,0.052445118,0.014109129,0.033965563
804,0.238370024,0.5966135,0.099251226,0.022525101,0.043240149
805,0.238370024,0.62201612,0.067969802,0.016661768,0.054982286
806,0.309236948,0.600803213,0.060240964,0.029718876,0
807,0.238370024,0.629132567,0.092745865,0.014294776,0.025456768
808,0.313262815,0.60374288,0.065907242,0.017087063,0
809,0.238370024,0.638546388,0.071025232,0.014960009,0.037098346
810,0.238370024,0.605524529,0.115518495,0.014542304,0.026044648
811,0.240853045,0.567907919,0.130981296,0.015037361,0.045220378
812,0.238370024,0.59519021,0.094718359,0.017079472,0.054641934
813,0.238370024,0.536231996,0.144595368,0.014557775,0.066244837
814,0.240853045,0.605261529,0.086054859,0.021411222,0.046419344
815,0.240853045,0.534971147,0.158704497,0.023391451,0.042079859
816,0.317252657,0.478331971,0.184791496,0.019623876,0
817,0.308,0.6048,0.068,0.0192,0
818,0.23421263,0.663469225,0.067146283,0.035171863,0
819,0.240853045,0.634609137,0.064666842,0.014325717,0.045545259
820,0.240102724,0.572038553,0.170168165,0.013768777,0.003921781
821,0.238370024,0.597387026,0.116632374,0.014171011,0.033439564
822,0.238370024,0.506072186,0.177547611,0.00952985,0.068480329
823,0.240853045,0.614342734,0.096644441,0.014635127,0.033524652
824,0.309983897,0.59178744,0.074879227,0.023349436,0
825,0.321661238,0.554560261,0.093648208,0.030130293,0
826,0.238370024,0.617398165,0.086689151,0.015996535,0.041546125
827,0.313773431,0.50203749,0.146699267,0.037489813,0
828,0.325520833,0.571180556,0.081597222,0.021701389,0
829,0.240853045,0.592784542,0.132466468,0.014047247,0.019848698
830,0.238370024,0.638291125,0.075434335,0.009467968,0.038436548
831,0.301040833,0.543634908,0.12570056,0.029623699,0
832,0.235955056,0.652487961,0.092295345,0.019261637,0
833,0.240860781,0.663020777,0.061634617,0.013799718,0.020684107
834,0.308246597,0.576461169,0.085668535,0.029623699,0
835,0.238370024,0.606793113,0.066507836,0.008137502,0.080191525
836,0.238370024,0.547958663,0.143172079,0.014573245,0.055925989
837,0.238370024,0.424913752,0.272900261,0.014325717,0.049490246
838,0.238370024,0.60643729,0.098903139,0.002622256,0.053667291
839,0.154597234,0.762408462,0.056956876,0.026037429,0
840,0.237557821,0.587493618,0.094006714,0.02076146,0.060180386
841,0.238370024,0.545212643,0.128389981,0.021751574,0.066275778
842,0.297253635,0.573505654,0.099353796,0.029886914,0
843,0.240853045,0.645786599,0.041105215,0.01327372,0.05898142
844,0.240853045,0.591160136,0.091075048,0.021937221,0.054974551
845,0.238370024,0.614280852,0.119881186,0.013675954,0.013791983
846,0.158756137,0.711947627,0.104746318,0.024549918,0
847,0.305044035,0.588470777,0.076861489,0.029623699,0
848,0.240853045,0.630780179,0.057442102,0.021070871,0.049853803
849,0.240806634,0.563870109,0.11132598,0.008238061,0.075759217
850,0.238370024,0.604101239,0.077901886,0.008415972,0.071210879
851,0.238354554,0.61161992,0.066492365,0.020575813,0.062957348
852,0.238300407,0.589806464,0.096157119,0.014542304,0.061193707
853,0.3203125,0.538194444,0.110243056,0.03125,0
854,0.240853045,0.545050202,0.144386516,0.01441854,0.055291697
855,0.333333333,0.510416667,0.125,0.03125,0
856,0.332465278,0.609375,0.038194444,0.019965278,0
857,0.240853045,0.608842959,0.055585637,0.018580114,0.076138245
858,0.307380373,0.564476886,0.098134631,0.03000811,0
859,0.31372549,0.587418301,0.079248366,0.019607843,0
860,0.2984,0.596,0.0824,0.0232,0
861,0.238370024,0.680193072,0.040641099,0.021411222,0.019384582
862,0.301195219,0.600796813,0.068525896,0.029482072,0
863,0.238370024,0.63571528,0.052011943,0.021047665,0.052855087
864,0.301358913,0.570743405,0.098321343,0.029576339,0
865,0.238370024,0.543116385,0.166161296,0.014666068,0.037686227
866,0.238370024,0.602940949,0.053605408,0.024335154,0.080748465
867,0.322916667,0.589409722,0.067708333,0.019965278,0
868,0.240713811,0.614381411,0.074475162,0.009065734,0.061363882
869,0.240853045,0.640077972,0.058501833,0.02048299,0.04008416
870,0.238370024,0.625148904,0.046659138,0.020815607,0.069006327
871,0.238370024,0.606971024,0.12216309,0.008570677,0.023925184
872,0.235056543,0.69628433,0.045234249,0.023424879,0
873,0.238370024,0.603799564,0.098183759,0.01469701,0.044949643
874,0.238370024,0.619672334,0.058648803,0.013668219,0.069640619
875,0.167534722,0.782118056,0.027777778,0.022569444,0
876,0.310204082,0.527346939,0.145306122,0.017142857,0
877,0.238370024,0.596396912,0.095360386,0.020900695,0.048971983
878,0.238370024,0.57887653,0.118380544,0.022339455,0.042033447
879,0.240883986,0.587014032,0.110676217,0.009096675,0.052329089
880,0.238370024,0.577522858,0.12762419,0.01500642,0.041476508
881,0.238370024,0.566275778,0.09906558,0.019956992,0.076331626
882,0.240853045,0.542195888,0.159679141,0.014789833,0.042482093
883,0.311941511,0.510154346,0.160844842,0.017059301,0
884,0.311688312,0.538961039,0.119318182,0.030032468,0
885,0.311688312,0.505681818,0.163149351,0.019480519,0
886,0.301204819,0.61124498,0.057831325,0.029718876,0
887,0.325487013,0.575487013,0.068993506,0.030032468,0
888,0.240853045,0.604457062,0.075179071,0.007178329,0.072332493
889,0.243336066,0.667097263,0.069099151,0.014016306,0.006451214
890,0.238370024,0.613050944,0.059770417,0.019980198,0.068828416
891,0.240853045,0.608819753,0.079735144,0.016336886,0.054255171
892,0.314029364,0.536704731,0.128874388,0.020391517,0
893,0.240853045,0.618960689,0.067915655,0.019956992,0.052313619
894,0.240853045,0.612540417,0.076494067,0.020127168,0.049985303
895,0.238370024,0.584801745,0.110258513,0.013799718,0.05277
896,0.328979592,0.586938776,0.05877551,0.025306122,0
897,0.31078905,0.611111111,0.058776167,0.019323671,0
898,0.240853045,0.59935952,0.096512941,0.022153808,0.041120686
899,0.238370024,0.605694704,0.086155417,0.007518681,0.062261174
900,0.311993517,0.570502431,0.087520259,0.029983793,0
901,0.335069444,0.563368056,0.076388889,0.025173611,0
902,0.3091354,0.509787928,0.163947798,0.017128874,0
903,0.238370024,0.548979718,0.165635298,0.014356658,0.032658302
904,0.238370024,0.584817216,0.122503442,0.01441854,0.039890778
905,0.238370024,0.575689599,0.118071134,0.02076146,0.047107783
906,0.240853045,0.609098222,0.062539643,0.021504046,0.066005043
907,0.324652778,0.556423611,0.091145833,0.027777778,0
908,0.238370024,0.637123099,0.059894182,0.017203236,0.047409459
909,0.311688312,0.548701299,0.122564935,0.017045455,0
910,0.238370024,0.609067281,0.073082814,0.009065734,0.070414146
911,0.306188925,0.515472313,0.161237785,0.017100977,0
912,0.240853045,0.586774238,0.071628583,0.021782515,0.078961618
913,0.238370024,0.620917712,0.0999474,0.014047247,0.026717616
914,0.240853045,0.617738517,0.073361283,0.013799718,0.054247436
915,0.238370024,0.617568341,0.048562014,0.02020452,0.0752951
916,0.238277201,0.565277928,0.122418354,0.021728368,0.052298148
917,0.240853045,0.605671499,0.076741596,0.021844397,0.054889463
918,0.238370024,0.627013104,0.06777642,0.0103962,0.056444252
919,0.312958435,0.554197229,0.115729421,0.017114914,0
920,0.341125541,0.544588745,0.093506494,0.020779221,0
921,0.238370024,0.606677083,0.070731292,0.008292207,0.075929392
922,0.240853045,0.694201643,0.02363898,0.009158558,0.032147775
923,0.299439552,0.571657326,0.10888711,0.020016013,0
924,0.309253247,0.505681818,0.165584416,0.019480519,0
925,0.231331169,0.614448052,0.13474026,0.019480519,0
926,0.238370024,0.705912839,0.041167097,0.014109129,0.00044091
927,0.238370024,0.716007364,0.031118984,0.014078188,0.00042544
928,0.238339083,0.61912313,0.080075496,0.02134934,0.04111295
929,0.240853045,0.651673139,0.03374124,0.021163694,0.052568883
930,0.237627439,0.703422083,0.048670307,0.009096675,0.001183496
931,0.240814369,0.630532651,0.045684494,0.020544872,0.062423614
932,0.240853045,0.593155835,0.090626402,0.020049815,0.055314903
933,0.238370024,0.555817695,0.14276211,0.014449481,0.04860069
934,0.240860781,0.545669023,0.144208605,0.015532419,0.053729173
935,0.238370024,0.529386284,0.148880707,0.022679806,0.060683179
936,0.237495939,0.57354693,0.128629775,0.014511363,0.045815993
937,0.238370024,0.56923065,0.130393416,0.014232893,0.047773016
938,0.237573292,0.612231006,0.06071412,0.014031776,0.075449806
939,0.238370024,0.547022695,0.107535698,0.006126332,0.10094525
940,0.238370024,0.677454787,0.035551293,0.021534987,0.027088909
941,0.238370024,0.603490153,0.07096335,0.007240211,0.079936261
942,0.240822104,0.629395566,0.044640233,0.01976361,0.065378487
943,0.238370024,0.616299757,0.078636736,0.008880088,0.057813394
944,0.238370024,0.619594981,0.070383205,0.007178329,0.06447346
945,0.238370024,0.617568341,0.077360417,0.022525101,0.044176117
946,0.238370024,0.706964835,0.051594239,0.00289299,0.000177911
947,0.238370024,0.51183496,0.185832083,0.014449481,0.049513452
948,0.238370024,0.605857145,0.067080246,0.019926051,0.068766534
949,0.240853045,0.586859326,0.10656879,0.008880088,0.056838751
950,0.238370024,0.607210817,0.128536951,0.013706895,0.012175312
951,0.238370024,0.631112796,0.041546125,0.020668637,0.068302418
952,0.238370024,0.581955166,0.113406767,0.013675954,0.052592088
953,0.243336066,0.615897523,0.058076394,0.01528489,0.067405127
954,0.240853045,0.617792664,0.070537911,0.020111697,0.050704683
955,0.240853045,0.619409335,0.09734835,0.014201952,0.028187317
956,0.238370024,0.615889788,0.112532682,0.014263835,0.018943672
957,0.240853045,0.641222791,0.054997757,0.021596869,0.041329538
958,0.240853045,0.618326397,0.097588143,0.013799718,0.029432695
959,0.240737016,0.611372391,0.078195826,0.016406504,0.053288263
960,0.238370024,0.604619502,0.074916072,0.016801002,0.065293399
961,0.240853045,0.712232553,0.028798403,0.013505778,0.00461022
962,0.238370024,0.618573926,0.052661706,0.007425857,0.082968487
963,0.238370024,0.662332338,0.084987392,0.014016306,0.00029394
964,0.238308142,0.606398614,0.074165751,0.021968162,0.059159331
965,0.238370024,0.622487972,0.124824023,0.014016306,0.000301675
966,0.238370024,0.667058587,0.080237937,0.013737836,0.000595616
967,0.238370024,0.594818917,0.093743715,0.022385866,0.050681477
968,0.240853045,0.580384907,0.089373289,0.023608038,0.065780721
969,0.238370024,0.546604991,0.172318569,0.011200668,0.031505747
970,0.238370024,0.523027893,0.171127338,0.009251381,0.058223364
971,0.238284936,0.567590773,0.11709649,0.014325717,0.062702084
972,0.238370024,0.636751806,0.063436934,0.017210972,0.044230263
973,0.240853045,0.561920822,0.133711846,0.014232893,0.049281394
974,0.238370024,0.602685685,0.088359968,0.007982797,0.062601525
975,0.238370024,0.578582589,0.130671885,0.014449481,0.03792602
976,0.238370024,0.661241665,0.065571868,0.01414007,0.020676372
977,0.238370024,0.624367642,0.087640588,0.02221569,0.027406055
978,0.238370024,0.636697659,0.073500518,0.020885224,0.030546574
979,0.238370024,0.641555408,0.070097,0.013459367,0.036518201
980,0.240853045,0.620585096,0.065216046,0.020885224,0.052460589
981,0.238370024,0.635723016,0.077352682,0.016553474,0.032000804
982,0.238370024,0.586998561,0.113669766,0.014789833,0.046171816
983,0.240853045,0.661698046,0.0684958,0.013985365,0.014967744
984,0.23837776,0.636411454,0.03302186,0.013559925,0.078629001
985,0.240854908,0.59897739,0.103460012,0.014697123,0.042010566
986,0.238371868,0.534511166,0.15975773,0.015122566,0.05223667
987,0.240854908,0.64922608,0.085390286,0.01414018,0.010388546
988,0.240854908,0.615430432,0.096598776,0.014759006,0.032356877
989,0.238371868,0.598590623,0.074963064,0.014519211,0.073555234
990,0.238371868,0.636323553,0.040115411,0.020483149,0.064706019
991,0.238371868,0.615871346,0.050790164,0.020885386,0.074081236
992,0.238371868,0.506006482,0.192106871,0.014913712,0.048601066
993,0.238371868,0.578455564,0.078173225,0.019957146,0.085042196
994,0.240854908,0.603897058,0.066779087,0.019554909,0.068914037
995,0.240854908,0.611717475,0.081298297,0.02122574,0.044903579
996,0.238371868,0.578331799,0.11460662,0.020947268,0.047742445
997,0.238371868,0.63613017,0.072913202,0.009591807,0.042992953
998,0.238371868,0.667241659,0.039357349,0.021163857,0.033865266
999,0.238371868,0.587413074,0.116308392,0.003867664,0.054039002
1000,0.238371868,0.574177928,0.098045283,0.022022479,0.067382442
1001,0.238371868,0.709283167,0.036433395,0.013892649,0.002018921
1002,0.240854908,0.638342474,0.07215514,0.01414018,0.034507298
1003,0.238371868,0.643772674,0.059801821,0.021040092,0.037013545
1004,0.240854908,0.626352715,0.087826914,0.014418651,0.03054681
1005,0.238371868,0.631721033,0.069695305,0.022092097,0.038119696
1006,0.238371868,0.617194087,0.075821685,0.021411388,0.047200972
1007,0.238371868,0.60569939,0.04587823,0.02051409,0.089536422
1008,0.240854908,0.622446375,0.101379209,0.01367606,0.021643448
1009,0.240854908,0.60959026,0.075086829,0.021063298,0.053404705
1010,0.238371868,0.577295265,0.111968873,0.014418651,0.057945342
